Occupation Name,Exposure Score
Accountants and Auditors,0.000138514711535683
Actors,0.0001678564768482738
Actuaries,9.151892420470037e-05
Acupuncturists,0.00016854237203458463
Acute Care Nurses,0.00011633181094922584
Adapted Physical Education Specialists,0.0001281653106604795
Adhesive Bonding Machine Operators and Tenders,0.00015127202436394387
"Administrative Law Judges, Adjudicators, and Hearing Officers",9.434172008486692e-05
Administrative Services Managers,8.250110885396336e-05
"Adult Basic Education, Adult Secondary Education, and English as a Second Language Instructors",0.00013312125886284085
Advanced Practice Psychiatric Nurses,0.0001338254264545905
Advertising and Promotions Managers,0.00010879499314413882
Advertising Sales Agents,0.0001449913345296439
Aerospace Engineering and Operations Technologists and Technicians,0.0001414160771620597
Aerospace Engineers,5.51394486627447e-05
"Agents and Business Managers of Artists, Performers, and Athletes",7.1692778678123e-05
Agricultural Engineers,0.0001476255731745025
Agricultural Equipment Operators,0.00013244520668330366
Agricultural Inspectors,6.942273049918904e-05
"Agricultural Sciences Teachers, Postsecondary",8.296550057403237e-05
Agricultural Technicians,0.00011301894718081925
Air Traffic Controllers,0.00010731398098091525
Aircraft Cargo Handling Supervisors,0.00016210380083345034
Aircraft Mechanics and Service Technicians,0.00016321402018882578
"Aircraft Structure, Surfaces, Rigging, and Systems Assemblers",0.0001801019264948274
Airfield Operations Specialists,0.00013393798152596542
"Airline Pilots, Copilots, and Flight Engineers",0.00016667875040327144
Allergists and Immunologists,6.65377756245788e-05
"Ambulance Drivers and Attendants, Except Emergency Medical Technicians",6.62934210612557e-05
Amusement and Recreation Attendants,0.0001389291777599254
Anesthesiologist Assistants,0.00012559085996639646
Anesthesiologists,0.00016437996859687063
Animal Breeders,5.634597583647039e-05
Animal Caretakers,8.748906112657491e-05
Animal Control Workers,4.2193313889844354e-05
Animal Scientists,0.00014622288818135273
Animal Trainers,0.00015076635269387694
Anthropologists and Archeologists,0.00015629152376131047
"Anthropology and Archeology Teachers, Postsecondary",7.785582137111649e-05
Appraisers and Assessors of Real Estate,0.00013140808665214546
"Arbitrators, Mediators, and Conciliators",0.00012949797669623063
"Architects, Except Landscape and Naval",0.00014549112815411377
Architectural and Civil Drafters,0.00016152765209622182
Architectural and Engineering Managers,6.86436550527463e-05
"Architecture Teachers, Postsecondary",8.615877081366775e-05
Archivists,8.378110176060925e-05
"Area, Ethnic, and Cultural Studies Teachers, Postsecondary",8.015886579922508e-05
Art Directors,5.524672474150437e-05
Art Therapists,0.00011864922590352925
"Art, Drama, and Music Teachers, Postsecondary",7.075735880917793e-05
Astronomers,0.00016263435679219804
Athletes and Sports Competitors,6.590774559352075e-05
Athletic Trainers,0.00012622074574977996
Atmospheric and Space Scientists,0.00016789531568292754
"Atmospheric, Earth, Marine, and Space Sciences Teachers, Postsecondary",6.746488252751133e-05
Audio and Video Technicians,0.00016314807206720732
Audiologists,0.00013075598563253105
Audiovisual Equipment Installers and Repairers,0.00021030459389450226
Automotive and Watercraft Service Attendants,0.00012345527083291088
Automotive Body and Related Repairers,0.00015219190699364635
Automotive Engineering Technicians,0.00013925464986338446
Automotive Engineers,0.00010073582715017007
Automotive Glass Installers and Repairers,0.00020530686239599567
Automotive Service Technicians and Mechanics,0.00016954868400553596
Aviation Inspectors,0.00013894232312560055
Avionics Technicians,0.00019777851037739433
Baggage Porters and Bellhops,0.00010153828647870671
Bailiffs,0.0001531886075169759
Bakers,0.00015783741790239406
Barbers,0.0001599447650369627
Baristas,0.0001527170869970033
Bartenders,4.6730692087416275e-05
Bicycle Repairers,0.0001817212861546442
Bill and Account Collectors,0.00016368616505631363
Billing and Posting Clerks,0.00013865798954990505
Biochemists and Biophysicists,0.00012829318557375807
Bioengineers and Biomedical Engineers,0.0001531258268641396
Biofuels Processing Technicians,7.284440264468044e-05
Biofuels Production Managers,7.598566083531531e-05
Biofuels/Biodiesel Technology and Product Development Managers,9.589338291734083e-05
Bioinformatics Scientists,6.716475450950405e-05
Bioinformatics Technicians,0.0001253146116951494
"Biological Science Teachers, Postsecondary",9.050803703415381e-05
Biological Technicians,0.00014263768114333898
Biologists,0.00015610457529593004
Biomass Plant Technicians,0.00014843832717858073
Biomass Power Plant Managers,0.00014404295292897332
Biostatisticians,0.0001598695627728503
Boilermakers,0.00016405099453071535
"Bookkeeping, Accounting, and Auditing Clerks",0.00016063105009151514
Brickmasons and Blockmasons,0.0001386368329929797
Bridge and Lock Tenders,0.00017811989171448165
Broadcast Announcers and Radio Disc Jockeys,0.00012960899604057713
Broadcast Technicians,0.00017537175515370946
Brokerage Clerks,0.00014347918548066906
Brownfield Redevelopment Specialists and Site Managers,7.660862885609493e-05
Budget Analysts,7.662846855533635e-05
Bus and Truck Mechanics and Diesel Engine Specialists,0.00013653400192662594
"Bus Drivers, Transit and Intercity",8.081962980863034e-05
Business Continuity Planners,0.00010884043772710769
Business Intelligence Analysts,0.00013297235377726546
"Business Teachers, Postsecondary",8.706203159332975e-05
Butchers and Meat Cutters,0.0001007111390873069
"Buyers and Purchasing Agents, Farm Products",5.995666767009718e-05
Cabinetmakers and Bench Carpenters,0.00018254865536887287
Camera and Photographic Equipment Repairers,0.00018635474002648712
"Camera Operators, Television, Video, and Film",0.00011081335330702396
"Captains, Mates, and Pilots of Water Vessels",0.00015360169562496614
Cardiovascular Technologists and Technicians,0.0001496813720346755
"Career/Technical Education Teachers, Middle School",0.00014933048543704184
"Career/Technical Education Teachers, Postsecondary",0.0001222549797930293
"Career/Technical Education Teachers, Secondary School",0.00014859697496937157
Cargo and Freight Agents,0.00018198078653531378
Carpenters,0.00017360919311007535
Carpet Installers,0.0001394930279610185
Cartographers and Photogrammetrists,0.0001708173138526724
Cashiers,0.00015304792686728083
Cement Masons and Concrete Finishers,0.00015998773606946913
Chefs and Head Cooks,5.370359297464602e-05
Chemical Engineers,0.00012969592264063627
Chemical Equipment Operators and Tenders,0.0001420948381881404
Chemical Plant and System Operators,5.3581155185508006e-05
Chemical Technicians,0.00012718350212722235
"Chemistry Teachers, Postsecondary",6.939591893456907e-05
Chemists,0.00012026175444076204
Chief Executives,5.840374446191628e-05
Chief Sustainability Officers,4.0568461334813865e-05
"Child, Family, and School Social Workers",7.743667518118335e-05
Childcare Workers,5.512695437874235e-05
Chiropractors,0.0001535819048587038
Choreographers,0.00015903847367097602
Civil Engineering Technologists and Technicians,0.000160524886905232
Civil Engineers,0.00012081801650793221
"Claims Adjusters, Examiners, and Investigators",0.00012613951719414945
Cleaners of Vehicles and Equipment,0.00016437258351458456
"Cleaning, Washing, and Metal Pickling Equipment Operators and Tenders",0.00017559529996725615
Clergy,3.795190889916188e-05
Climate Change Policy Analysts,0.00013452496962657122
Clinical and Counseling Psychologists,0.00014550478408747932
Clinical Data Managers,0.0001270611275264508
Clinical Neuropsychologists,0.00014531761151894708
Clinical Nurse Specialists,7.032201843574831e-05
Clinical Research Coordinators,8.215887113255886e-05
Coaches and Scouts,0.00013543682146215674
"Coating, Painting, and Spraying Machine Setters, Operators, and Tenders",0.0001689320313826473
"Coil Winders, Tapers, and Finishers",0.00019430880516816396
"Coin, Vending, and Amusement Machine Servicers and Repairers",0.00017824819697626542
Commercial and Industrial Designers,0.00016526053399273675
Commercial Divers,0.0001671975071249172
Commercial Pilots,0.00014356963497855828
"Communications Teachers, Postsecondary",7.454292638444853e-05
Community Health Workers,9.736983134664769e-05
Compensation and Benefits Managers,7.954052061981173e-05
"Compensation, Benefits, and Job Analysis Specialists",8.199528113066123e-05
Compliance Managers,7.825382687621444e-05
Compliance Officers,8.254623220065003e-05
Computer and Information Research Scientists,6.690708566629864e-05
Computer and Information Systems Managers,0.0001318234355442758
Computer Hardware Engineers,0.0001150787805045108
Computer Network Architects,0.00010861093188580061
Computer Network Support Specialists,0.00014771611885678994
Computer Numerically Controlled Tool Operators,0.00017446107754965994
Computer Numerically Controlled Tool Programmers,0.00014219012572701042
Computer Programmers,0.00013060304236350208
"Computer Science Teachers, Postsecondary",7.70381519639126e-05
Computer Systems Analysts,0.00015685007436220898
Computer Systems Engineers/Architects,0.000104471291273359
Computer User Support Specialists,7.194746177755338e-05
"Computer, Automated Teller, and Office Machine Repairers",0.00017626266540938726
Concierges,9.093483661671809e-05
Conservation Scientists,0.00011962574385179531
Construction and Building Inspectors,0.00015644730376281223
Construction Laborers,0.00013136684598977634
Construction Managers,0.00012312449479863095
Continuous Mining Machine Operators,0.00015885603028350194
"Control and Valve Installers and Repairers, Except Mechanical Door",0.00018894252641373985
Conveyor Operators and Tenders,0.00015109587109590598
"Cooks, Fast Food",0.0001660468935774844
"Cooks, Institution and Cafeteria",0.0001705828727749904
"Cooks, Private Household",9.43297682834292e-05
"Cooks, Restaurant",0.0001621593480811447
Cooling and Freezing Equipment Operators and Tenders,0.00016023433543951737
Coroners,0.0001341960320803524
Correctional Officers and Jailers,0.00015229896134592941
Correspondence Clerks,7.673395000585438e-05
Cost Estimators,4.477661457089578e-05
Costume Attendants,5.095724668615548e-05
Counter and Rental Clerks,0.0001017636356590839
Couriers and Messengers,0.00016334452892884446
Court Reporters and Simultaneous Captioners,0.00017176757045837086
"Court, Municipal, and License Clerks",9.997367174307595e-05
Craft Artists,0.00018530875631702707
Crane and Tower Operators,0.00017268034885513988
Credit Analysts,0.00015490380336956097
"Credit Authorizers, Checkers, and Clerks",0.00010484033913583585
Credit Counselors,0.00016161465044280227
"Criminal Justice and Law Enforcement Teachers, Postsecondary",8.33029369491709e-05
Critical Care Nurses,7.213455701787797e-05
Crossing Guards and Flaggers,9.562368980490985e-05
"Crushing, Grinding, and Polishing Machine Setters, Operators, and Tenders",0.00018567191714772858
Curators,0.00014943125896554912
Customer Service Representatives,0.00013753009507862566
Customs and Border Protection Officers,5.165159925286673e-05
Customs Brokers,0.00016458436819297227
"Cutters and Trimmers, Hand",0.00014347555915752538
"Cutting and Slicing Machine Setters, Operators, and Tenders",0.00015941457030684063
"Cutting, Punching, and Press Machine Setters, Operators, and Tenders, Metal and Plastic",0.00017292386289478792
Cytogenetic Technologists,0.00016109568781926938
Cytotechnologists,0.00013772478827064612
Dancers,4.435141216426947e-05
Data Entry Keyers,0.00017767353416070652
Data Warehousing Specialists,0.00013822577420340094
Database Administrators,7.701968642465184e-05
Database Architects,0.0001418326894541027
Demonstrators and Product Promoters,0.00015609804045576354
Dental Assistants,0.0001566385917212424
Dental Hygienists,0.0001544887124813107
Dental Laboratory Technicians,0.00015941994774898075
"Dentists, General",0.00016869911071122566
Dermatologists,7.959601967204404e-05
"Derrick Operators, Oil and Gas",0.00013553664602094728
Desktop Publishers,0.00016883489866983728
Detectives and Criminal Investigators,0.00014745958527323362
Diagnostic Medical Sonographers,0.00012426085654109497
Dietetic Technicians,7.254277482447776e-05
Dietitians and Nutritionists,7.331475625868339e-05
Dining Room and Cafeteria Attendants and Bartender Helpers,7.732235281930627e-05
"Directors, Religious Activities and Education",7.47779468316167e-05
Dishwashers,0.00016664903763647518
"Dispatchers, Except Police, Fire, and Ambulance",0.00017632280991095915
Document Management Specialists,0.00010438362588526132
"Door-to-Door Sales Workers, News and Street Vendors, and Related Workers",0.00016932246936360692
Dredge Operators,6.252499636606466e-05
"Drilling and Boring Machine Tool Setters, Operators, and Tenders, Metal and Plastic",0.00016822921990573665
Driver/Sales Workers,4.177995029501687e-05
Drywall and Ceiling Tile Installers,0.0001595276948186424
"Earth Drillers, Except Oil and Gas",0.00016156996192068728
"Economics Teachers, Postsecondary",8.488188674361715e-05
Economists,9.73995896793169e-05
Editors,0.0001569287849983902
"Education Administrators, Kindergarten through Secondary",0.00010811761514884076
"Education Administrators, Postsecondary",0.00014183493288900988
"Education and Childcare Administrators, Preschool and Daycare",7.257936765382515e-05
"Education Teachers, Postsecondary",8.11826907288566e-05
"Educational, Guidance, and Career Counselors and Advisors",9.596439325986265e-05
"Electric Motor, Power Tool, and Related Repairers",0.00018353819033537533
Electrical and Electronic Engineering Technologists and Technicians,0.0001595863030782383
Electrical and Electronic Equipment Assemblers,0.00012769456331258744
Electrical and Electronics Drafters,0.0001512503632046989
"Electrical and Electronics Installers and Repairers, Transportation Equipment",0.00018980720450204646
"Electrical and Electronics Repairers, Commercial and Industrial Equipment",0.00014334743682640677
"Electrical and Electronics Repairers, Powerhouse, Substation, and Relay",0.00012422593516789136
Electrical Engineers,6.822661954253207e-05
Electrical Power-Line Installers and Repairers,0.0001546264838522237
Electricians,0.00018164576389274748
Electro-Mechanical and Mechatronics Technologists and Technicians,0.00017242442753283567
Electromechanical Equipment Assemblers,0.0001726870230367885
"Electronic Equipment Installers and Repairers, Motor Vehicles",0.00016002291780238122
"Electronics Engineers, Except Computer",7.403991221249773e-05
"Elementary School Teachers, Except Special Education",0.00014190286151957281
Elevator and Escalator Installers and Repairers,0.00018236789196126105
"Eligibility Interviewers, Government Programs",9.510902408295046e-05
Embalmers,0.00015272488612383584
Emergency Management Directors,7.712162937855598e-05
Endoscopy Technicians,0.0001679081653431556
Energy Auditors,0.00011683532143255467
"Energy Engineers, Except Wind and Solar",0.00015597040271042654
Engine and Other Machine Assemblers,0.00017062537254834627
"Engineering Teachers, Postsecondary",8.197000594260432e-05
"English Language and Literature Teachers, Postsecondary",0.00015153489841070696
Environmental Compliance Inspectors,6.386063830314085e-05
Environmental Economists,8.063546974376021e-05
Environmental Engineering Technologists and Technicians,7.104632209598045e-05
Environmental Engineers,8.022255207896355e-05
Environmental Restoration Planners,0.00015435967555773886
"Environmental Science and Protection Technicians, Including Health",0.00012964825266018848
"Environmental Science Teachers, Postsecondary",7.895912351342514e-05
"Environmental Scientists and Specialists, Including Health",0.0001335965777587251
Epidemiologists,8.233301989874061e-05
Equal Opportunity Representatives and Officers,8.371230597475533e-05
Etchers and Engravers,0.00016973649342132748
"Excavating and Loading Machine and Dragline Operators, Surface Mining",6.450379485449153e-05
Executive Secretaries and Executive Administrative Assistants,0.0001264195299135315
Exercise Physiologists,0.0001398075940495177
Exercise Trainers and Group Fitness Instructors,0.00015493884330674895
"Explosives Workers, Ordnance Handling Experts, and Blasters",0.00016729717784581426
"Extruding and Drawing Machine Setters, Operators, and Tenders, Metal and Plastic",0.00011224919944616672
"Extruding and Forming Machine Setters, Operators, and Tenders, Synthetic and Glass Fibers",0.0001773377023493887
"Extruding, Forming, Pressing, and Compacting Machine Setters, Operators, and Tenders",0.0001541356753937618
Fabric and Apparel Patternmakers,0.00014727902966474613
Facilities Managers,6.572773442572067e-05
Fallers,0.00012549462099138614
"Family and Consumer Sciences Teachers, Postsecondary",7.880702731962639e-05
Family Medicine Physicians,8.489464963581703e-05
Farm and Home Management Educators,8.766296683087666e-05
Farm Equipment Mechanics and Service Technicians,0.00019969210398676474
Farm Labor Contractors,9.321190734532209e-05
"Farmers, Ranchers, and Other Agricultural Managers",0.00011626065143600486
"Farmworkers and Laborers, Crop, Nursery, and Greenhouse",0.0001262777633036364
"Farmworkers, Farm, Ranch, and Aquacultural Animals",0.00015565122719047672
Fashion Designers,0.0001540994157043855
Fast Food and Counter Workers,0.00017094179407387813
Fence Erectors,0.00015186266359188948
Fiberglass Laminators and Fabricators,0.00014598792587841892
File Clerks,8.407404008152941e-05
Film and Video Editors,0.00015367062901617648
Financial Examiners,7.122745257887713e-05
Financial Managers,8.698639336491143e-05
Financial Quantitative Analysts,0.00011719613641099321
"Fine Artists, Including Painters, Sculptors, and Illustrators",0.00014729770564142204
Fire Inspectors and Investigators,0.00015185251412385903
Fire-Prevention and Protection Engineers,7.208560671343309e-05
Firefighters,0.00016360386777006656
First-Line Supervisors of Construction Trades and Extraction Workers,0.00013944070781170932
First-Line Supervisors of Correctional Officers,8.7925282672499e-05
"First-Line Supervisors of Farming, Fishing, and Forestry Workers",6.514330329843797e-05
First-Line Supervisors of Firefighting and Prevention Workers,8.748010101377858e-05
First-Line Supervisors of Food Preparation and Serving Workers,8.142711684118098e-05
First-Line Supervisors of Gambling Services Workers,7.542796111051573e-05
"First-Line Supervisors of Helpers, Laborers, and Material Movers, Hand",7.717159944244415e-05
First-Line Supervisors of Housekeeping and Janitorial Workers,6.339890971358222e-05
"First-Line Supervisors of Landscaping, Lawn Service, and Groundskeeping Workers",0.0001317126961638621
First-Line Supervisors of Material-Moving Machine and Vehicle Operators,6.071777451728375e-05
"First-Line Supervisors of Mechanics, Installers, and Repairers",0.0001421387386277551
First-Line Supervisors of Non-Retail Sales Workers,8.174141973466115e-05
First-Line Supervisors of Office and Administrative Support Workers,8.042395440924489e-05
First-Line Supervisors of Personal Service Workers,7.83368202421631e-05
First-Line Supervisors of Police and Detectives,6.546937973227371e-05
First-Line Supervisors of Production and Operating Workers,0.00011797640177959683
First-Line Supervisors of Retail Sales Workers,9.379240134337817e-05
Fish and Game Wardens,8.008510119453562e-05
Fishing and Hunting Workers,0.00015933266796397811
Fitness and Wellness Coordinators,8.951054238905099e-05
Flight Attendants,0.00010190675295809316
"Floor Layers, Except Carpet, Wood, and Hard Tiles",0.00013448315775713154
Floor Sanders and Finishers,0.00017145046808842172
Floral Designers,0.00015522830632762175
"Food and Tobacco Roasting, Baking, and Drying Machine Operators and Tenders",0.00014242476702011164
Food Batchmakers,0.0001550015127880201
Food Cooking Machine Operators and Tenders,0.00013677433194159478
Food Preparation Workers,0.00016570041995373296
Food Science Technicians,0.0001421821988141976
Food Scientists and Technologists,0.00015086785649434203
"Food Servers, Nonrestaurant",7.912826222038113e-05
Food Service Managers,0.00015619048910678646
"Foreign Language and Literature Teachers, Postsecondary",3.8549393714232975e-05
Forensic Science Technicians,0.00014408613913668538
Forest and Conservation Technicians,0.00015514554955789082
Forest and Conservation Workers,0.00015195655088198846
Forest Fire Inspectors and Prevention Specialists,5.0185011205399626e-05
Foresters,0.00012485065119105504
"Forestry and Conservation Science Teachers, Postsecondary",9.133338225708155e-05
"Forging Machine Setters, Operators, and Tenders, Metal and Plastic",0.00010541775461695119
Foundry Mold and Coremakers,0.00018775851080618286
"Fraud Examiners, Investigators and Analysts",6.266849155622642e-05
Freight Forwarders,0.00013343323272067644
Fuel Cell Engineers,0.00014455764367050198
Fundraisers,4.8543349707035505e-05
Funeral Attendants,8.473775581036919e-05
Funeral Home Managers,5.9153725487879394e-05
"Furnace, Kiln, Oven, Drier, and Kettle Operators and Tenders",0.00013840054935747442
Furniture Finishers,0.00015829314877979146
Gambling and Sports Book Writers and Runners,6.974754956414381e-05
Gambling Cage Workers,0.00013625522897197135
Gambling Change Persons and Booth Cashiers,8.141312350503616e-05
Gambling Dealers,8.150025784469221e-05
Gambling Managers,6.258409611456076e-05
Gambling Surveillance Officers and Gambling Investigators,0.00017053855545491123
Gas Compressor and Gas Pumping Station Operators,0.00014790888304519952
Gas Plant Operators,0.00014969201851742928
Gem and Diamond Workers,0.00016489112347560996
General and Operations Managers,6.97152276292539e-05
General Internal Medicine Physicians,8.917888607687496e-05
Genetic Counselors,8.993792301815512e-05
Geneticists,0.00013449857763590041
Geodetic Surveyors,0.00014406821349949853
Geographers,0.00015235925759522732
Geographic Information Systems Technologists and Technicians,0.0001630369229135054
"Geography Teachers, Postsecondary",0.0001490075804585813
"Geological Technicians, Except Hydrologic Technicians",0.0001564079603606246
"Geoscientists, Except Hydrologists and Geographers",0.0001610465202197022
Geothermal Production Managers,0.00012469192964903778
Geothermal Technicians,0.00012230462588499056
"Glass Blowers, Molders, Benders, and Finishers",0.00014025923809627243
Glaziers,0.00016971094552488972
Government Property Inspectors and Investigators,6.106373587947383e-05
"Graders and Sorters, Agricultural Products",3.7066841593315864e-05
Graphic Designers,0.00017073346511819397
"Grinding and Polishing Workers, Hand",0.00019049096508653743
"Grinding, Lapping, Polishing, and Buffing Machine Tool Setters, Operators, and Tenders, Metal and Plastic",0.00016887406576154962
"Hairdressers, Hairstylists, and Cosmetologists",0.00016730572321690205
Hazardous Materials Removal Workers,0.00017293865969921182
"Health and Safety Engineers, Except Mining Safety Engineers and Inspectors",8.038688463181475e-05
Health Education Specialists,8.037451753863186e-05
Health Informatics Specialists,0.00013879033968457272
"Health Specialties Teachers, Postsecondary",3.960467646283509e-05
Healthcare Social Workers,8.196904842696285e-05
Hearing Aid Specialists,0.00015478760230874903
"Heat Treating Equipment Setters, Operators, and Tenders, Metal and Plastic",0.00016953691309168538
"Heating, Air Conditioning, and Refrigeration Mechanics and Installers",0.00015858311254549724
Heavy and Tractor-Trailer Truck Drivers,0.00014935657812067672
"Helpers--Brickmasons, Blockmasons, Stonemasons, and Tile and Marble Setters",0.00015419126073593144
Helpers--Carpenters,3.23968637008575e-05
Helpers--Electricians,0.00018473378125989637
Helpers--Extraction Workers,0.00019970995769326617
"Helpers--Installation, Maintenance, and Repair Workers",0.00020530177607753112
"Helpers--Painters, Paperhangers, Plasterers, and Stucco Masons",3.1181715764012207e-05
"Helpers--Pipelayers, Plumbers, Pipefitters, and Steamfitters",0.00017335546751346277
Helpers--Production Workers,9.652525969531887e-05
Helpers--Roofers,8.565860187178551e-05
Highway Maintenance Workers,0.00015191537480686734
Historians,0.00011862574005419511
"History Teachers, Postsecondary",7.442752283892139e-05
Histotechnologists,0.00016762729067690176
Hoist and Winch Operators,0.0001874355343421634
Home Appliance Repairers,0.0001515460415367648
Home Health Aides,8.455637581690889e-05
Hospitalists,4.430665185726761e-05
"Hosts and Hostesses, Restaurant, Lounge, and Coffee Shop",8.859968435770203e-05
"Hotel, Motel, and Resort Desk Clerks",0.00016803758357812647
Human Factors Engineers and Ergonomists,0.00013132713903934854
"Human Resources Assistants, Except Payroll and Timekeeping",8.011217275567756e-05
Human Resources Managers,8.038604451517719e-05
Human Resources Specialists,0.00014728872852864423
Hydroelectric Plant Technicians,0.00012304427402951864
Hydroelectric Production Managers,7.089257330796017e-05
Hydrologists,0.00013269739467143898
Industrial Ecologists,0.00014184837760262015
Industrial Engineering Technologists and Technicians,0.0001511301324849915
Industrial Engineers,9.834407619214762e-05
Industrial Machinery Mechanics,9.917531051678431e-05
Industrial Production Managers,5.100200572076071e-05
Industrial Truck and Tractor Operators,9.370014002563303e-05
Industrial-Organizational Psychologists,0.0001242453481065678
Information Security Analysts,0.0001333375600545004
Information Technology Project Managers,5.8562936080549065e-05
"Inspectors, Testers, Sorters, Samplers, and Weighers",0.00013840261060810608
Instructional Coordinators,0.00010790953286678829
"Insulation Workers, Floor, Ceiling, and Wall",0.00017744975459831535
"Insulation Workers, Mechanical",0.00015234106598658714
"Insurance Appraisers, Auto Damage",0.00015459573354327722
Insurance Claims and Policy Processing Clerks,0.0001568494088593465
Insurance Sales Agents,8.988070914965751e-05
Insurance Underwriters,0.0001454859792211983
Intelligence Analysts,0.00016300770210941182
Interior Designers,0.00016601789039989137
Interpreters and Translators,0.00014494586033228672
"Interviewers, Except Eligibility and Loan",0.00015994783411748623
Investment Fund Managers,5.210202925348233e-05
"Janitors and Cleaners, Except Maids and Housekeeping Cleaners",0.00015083742584218526
Jewelers and Precious Stone and Metal Workers,0.00015834128545864353
"Judges, Magistrate Judges, and Magistrates",7.969628470410944e-05
Judicial Law Clerks,3.7522126595811156e-05
"Kindergarten Teachers, Except Special Education",0.0001161572463474887
Labor Relations Specialists,6.719506030836928e-05
"Laborers and Freight, Stock, and Material Movers, Hand",0.00012625652903700444
Landscape Architects,6.836333328456181e-05
Landscaping and Groundskeeping Workers,0.00018111497693746177
"Lathe and Turning Machine Tool Setters, Operators, and Tenders, Metal and Plastic",0.0001587492417001267
Laundry and Dry-Cleaning Workers,0.0001526254180791781
"Law Teachers, Postsecondary",8.158691518107265e-05
Lawyers,0.00012828960289646056
"Layout Workers, Metal and Plastic",0.00016658889411814499
Legal Secretaries and Administrative Assistants,7.223565262769675e-05
Librarians and Media Collections Specialists,0.00013769212306717762
"Library Assistants, Clerical",0.00013818285428376212
"Library Science Teachers, Postsecondary",7.209602143660014e-05
Library Technicians,0.00014451971658372299
Licensed Practical and Licensed Vocational Nurses,0.00014035629696313378
"Lifeguards, Ski Patrol, and Other Recreational Protective Service Workers",0.00015221839591724818
Light Truck Drivers,0.0001554568913002425
"Loading and Moving Machine Operators, Underground Mining",0.0001421850945116582
Loan Interviewers and Clerks,0.00016995282888462266
Loan Officers,0.00013378219894868442
"Locker Room, Coatroom, and Dressing Room Attendants",0.00013324180670107772
Locksmiths and Safe Repairers,0.00018428799637334374
Locomotive Engineers,0.00015892325125415837
Lodging Managers,7.455152671735716e-05
Log Graders and Scalers,0.000160955611886292
Logging Equipment Operators,0.00015468979560752133
Logisticians,6.842706725318355e-05
Logistics Analysts,0.00013467035135089348
Logistics Engineers,0.00011580533330233234
Loss Prevention Managers,0.00011528963950320187
"Low Vision Therapists, Orientation and Mobility Specialists, and Vision Rehabilitation Therapists",0.00016433468002248903
Machine Feeders and Offbearers,0.00020357824330597955
Machinists,0.00017580480344313955
Magnetic Resonance Imaging Technologists,0.00013523057635452389
Maids and Housekeeping Cleaners,0.00017484086630419494
"Mail Clerks and Mail Machine Operators, Except Postal Service",0.00017377264604322355
"Maintenance and Repair Workers, General",0.0001673762398544107
"Maintenance Workers, Machinery",0.0001599095720337765
"Makeup Artists, Theatrical and Performance",6.158785775231784e-05
Management Analysts,6.374714721263463e-05
Manicurists and Pedicurists,0.00015720610059876647
Manufactured Building and Mobile Home Installers,0.000158484601270374
Manufacturing Engineers,0.0001436025991416292
Marine Engineers and Naval Architects,5.830097485983066e-05
Market Research Analysts and Marketing Specialists,8.399537303621593e-05
Marketing Managers,0.00013114900352913638
Marriage and Family Therapists,0.0001430569018228392
Massage Therapists,8.787869263850818e-05
Materials Engineers,0.0001299445124175205
Materials Scientists,0.00012768772765420097
"Mathematical Science Teachers, Postsecondary",3.824522971750451e-05
Mathematicians,9.513101665252499e-05
"Meat, Poultry, and Fish Cutters and Trimmers",0.00011026172899868723
Mechanical Door Repairers,0.0001743533913814912
Mechanical Drafters,0.0001646483577901553
Mechanical Engineering Technologists and Technicians,0.00010754264543981304
Mechanical Engineers,0.00013219488086908625
Mechatronics Engineers,7.323486913779354e-05
Media Programming Directors,0.00012410692661797717
Media Technical Directors/Managers,0.00017119447079876187
Medical and Clinical Laboratory Technicians,0.0001571468847927967
Medical and Clinical Laboratory Technologists,0.00014474917740996433
Medical and Health Services Managers,0.00012663538580315111
Medical Appliance Technicians,0.00016928290076719316
Medical Assistants,8.240598383642549e-05
Medical Dosimetrists,0.00016861250457404957
Medical Equipment Preparers,0.00014664414449071052
Medical Equipment Repairers,0.00015491636898384115
"Medical Scientists, Except Epidemiologists",9.761730526022755e-05
Medical Secretaries and Administrative Assistants,0.00016248568648180166
Medical Transcriptionists,0.00015439051059501494
"Meeting, Convention, and Event Planners",5.882151615899261e-05
Mental Health and Substance Abuse Social Workers,8.047155733922418e-05
Mental Health Counselors,0.00011982771699419071
Merchandise Displayers and Window Trimmers,0.00015584103334806746
Metal-Refining Furnace Operators and Tenders,0.0001712789534670903
"Meter Readers, Utilities",9.55039300114619e-05
Microbiologists,0.00016317972149036195
Microsystems Engineers,0.0001355293272720893
"Middle School Teachers, Except Special and Career/Technical Education",0.00012397368963234774
Midwives,0.00010794749274645844
"Milling and Planing Machine Setters, Operators, and Tenders, Metal and Plastic",0.0001632351061303455
Millwrights,0.0001696819738533926
"Mining and Geological Engineers, Including Mining Safety Engineers",5.6924064743758944e-05
"Mixing and Blending Machine Setters, Operators, and Tenders",0.00018330346413833712
"Mobile Heavy Equipment Mechanics, Except Engines",0.00017132695768579416
"Model Makers, Metal and Plastic",0.0001742883796531611
"Model Makers, Wood",0.00016699867482943855
Models,0.00010615826299533739
"Molders, Shapers, and Casters, Except Metal and Plastic",0.00017980519908473834
"Molding, Coremaking, and Casting Machine Setters, Operators, and Tenders, Metal and Plastic",0.00015148002758601833
Molecular and Cellular Biologists,6.983845622121415e-05
"Morticians, Undertakers, and Funeral Arrangers",9.428491149844697e-05
Motion Picture Projectionists,6.148749876504473e-05
Motorboat Mechanics and Service Technicians,0.00017709837374266368
Motorboat Operators,0.00016822168925409523
Motorcycle Mechanics,0.00019941224113295233
"Multiple Machine Tool Setters, Operators, and Tenders, Metal and Plastic",0.0001464963551167697
Museum Technicians and Conservators,0.00014615878794829092
Music Directors and Composers,0.0001636088815858006
Music Therapists,0.00011731193101541688
Musical Instrument Repairers and Tuners,0.00018705523203122802
Musicians and Singers,6.445085082616569e-05
Nannies,5.506437837852015e-05
Nanosystems Engineers,0.00015317141695832332
Nanotechnology Engineering Technologists and Technicians,0.00017707419089364442
Natural Sciences Managers,0.00010103639341438104
Naturopathic Physicians,0.00014255993963980607
Network and Computer Systems Administrators,0.00010969160436851013
Neurodiagnostic Technologists,0.000147225398112983
Neurologists,0.00010929202979002484
Neuropsychologists,0.00014789495851972982
New Accounts Clerks,0.00016875131971787113
"News Analysts, Reporters, and Journalists",0.00014650958714733893
Non-Destructive Testing Specialists,0.00017786780192616386
Nuclear Engineers,0.00011442663664314514
Nuclear Medicine Technologists,0.00017375110278961534
Nuclear Monitoring Technicians,0.00015373519849436697
Nuclear Power Reactor Operators,6.380641201065971e-05
Nuclear Technicians,0.00013356452804058066
Nurse Anesthetists,0.00015731736727515343
Nurse Midwives,7.771778894824507e-05
Nurse Practitioners,7.069358688057275e-05
Nursing Assistants,0.0001201818733089732
"Nursing Instructors and Teachers, Postsecondary",0.00015633689480371393
Obstetricians and Gynecologists,0.00010127177622515772
Occupational Health and Safety Specialists,0.00014372232829709016
Occupational Health and Safety Technicians,0.00012879589786912997
Occupational Therapists,0.00013563155213114833
Occupational Therapy Aides,0.00012775432159016002
Occupational Therapy Assistants,7.663043953368998e-05
"Office Clerks, General",0.0001697020939942451
"Office Machine Operators, Except Computer",7.226098747301556e-05
Online Merchants,0.0001729318001623811
Operating Engineers and Other Construction Equipment Operators,0.00010964755594193962
Operations Research Analysts,0.0001328315908701875
Ophthalmic Laboratory Technicians,0.0001687990874890025
Ophthalmic Medical Technicians,6.482150593426678e-05
Ophthalmic Medical Technologists,0.00013719223773802958
"Ophthalmologists, Except Pediatric",8.424550692094633e-05
"Opticians, Dispensing",0.00014940099891562375
Optometrists,0.00014799753942872592
Oral and Maxillofacial Surgeons,0.00013724440124358015
Order Clerks,7.274268567718344e-05
Orderlies,0.00015016095849691176
Orthodontists,7.129771909298743e-05
Orthoptists,9.712550529777591e-05
Orthotists and Prosthetists,0.00014961166650131056
Outdoor Power Equipment and Other Small Engine Mechanics,0.00017648206402636496
Packaging and Filling Machine Operators and Tenders,4.9899491509980656e-05
"Packers and Packagers, Hand",0.00020343472003864308
"Painters, Construction and Maintenance",0.00012698994844080033
"Painting, Coating, and Decorating Workers",0.00014935882406280163
"Paper Goods Machine Setters, Operators, and Tenders",0.0001835484044827315
Paperhangers,0.00015087608181653798
Paralegals and Legal Assistants,5.7200839794174144e-05
Park Naturalists,8.635450891444267e-05
Parking Attendants,0.00013696956729658934
Parking Enforcement Workers,0.00014275323499079475
Parts Salespersons,0.00016023441839130894
Passenger Attendants,0.00010051173722990011
Patient Representatives,0.00015388091217573077
"Patternmakers, Metal and Plastic",0.00017297850289573494
"Patternmakers, Wood",0.00015993421178024666
"Paving, Surfacing, and Tamping Equipment Operators",0.00017874534333990494
Payroll and Timekeeping Clerks,9.098185875159605e-05
"Pediatricians, General",8.743033271212362e-05
Personal Care Aides,0.00014108349567491574
Personal Financial Advisors,6.553334086134961e-05
Pest Control Workers,0.0001459621017630048
"Pesticide Handlers, Sprayers, and Applicators, Vegetation",0.00015701953458591394
Petroleum Engineers,0.00011824287641570283
"Petroleum Pump System Operators, Refinery Operators, and Gaugers",0.0001528059815079618
Pharmacists,0.00011874011210416495
Pharmacy Aides,0.0001458037777571818
Pharmacy Technicians,0.000160856579076165
"Philosophy and Religion Teachers, Postsecondary",3.885796209194748e-05
Phlebotomists,0.00016146954265065143
Photographers,0.0001613592742203879
Photographic Process Workers and Processing Machine Operators,0.00015510328547189872
Photonics Engineers,7.188498378026151e-05
Photonics Technicians,0.00017455799081218627
Physical Medicine and Rehabilitation Physicians,0.00010948707284860852
Physical Therapist Aides,0.0001481539230332251
Physical Therapist Assistants,0.00012446580102269214
Physical Therapists,0.0001150847258767339
Physician Assistants,9.985125321350845e-05
"Physicians, Pathologists",0.00013251545633044429
Physicists,0.0001621973997492561
"Physics Teachers, Postsecondary",7.655217741732644e-05
Pile Driver Operators,0.00015481003586035935
Pipelayers,0.00018128863356194994
Plasterers and Stucco Masons,9.216670724630835e-05
"Plating Machine Setters, Operators, and Tenders, Metal and Plastic",0.00015479891345717634
"Plumbers, Pipefitters, and Steamfitters",0.00017981184359306044
Podiatrists,0.00018449228254919598
"Poets, Lyricists and Creative Writers",0.0001659868837162029
Police and Sheriff's Patrol Officers,7.939405961100429e-05
Police Identification and Records Officers,0.0001645199392550735
"Political Science Teachers, Postsecondary",7.484885270838818e-05
Political Scientists,0.00016296600303245762
Postal Service Clerks,0.0001037190547074676
Postal Service Mail Carriers,0.00016769694188282122
"Postal Service Mail Sorters, Processors, and Processing Machine Operators",0.00017825185158790906
"Potters, Manufacturing",0.00017437304052200686
"Pourers and Casters, Metal",0.0001993453220595641
Power Distributors and Dispatchers,0.00014009783860994976
Power Plant Operators,0.0001317950935253149
Prepress Technicians and Workers,0.0001705788617312507
"Preschool Teachers, Except Special Education",6.60915241983169e-05
"Pressers, Textile, Garment, and Related Materials",0.00017018905063305141
Preventive Medicine Physicians,0.00012368317016172052
Print Binding and Finishing Workers,0.00017133753366590444
Printing Press Operators,0.00014992020992036337
Private Detectives and Investigators,0.00012129462610757393
Probation Officers and Correctional Treatment Specialists,0.00012589619478847223
Procurement Clerks,0.00014008079994743845
Producers and Directors,0.00014365732134995944
"Production, Planning, and Expediting Clerks",0.00013782135032593771
Proofreaders and Copy Markers,0.00013986881792047448
"Property, Real Estate, and Community Association Managers",8.03304698316156e-05
Prosthodontists,0.00015373159837578753
Psychiatric Aides,8.750353925015896e-05
Psychiatric Technicians,0.00014898333425383554
Psychiatrists,0.00014581529536396634
"Psychology Teachers, Postsecondary",0.00014874390813118286
Public Relations Specialists,6.517287030870776e-05
Public Safety Telecommunicators,8.92779217992498e-05
"Pump Operators, Except Wellhead Pumpers",0.00018949954282803226
"Purchasing Agents, Except Wholesale, Retail, and Farm Products",5.1334503613953905e-05
Purchasing Managers,5.843106665106251e-05
Quality Control Analysts,7.433470405190218e-05
Quality Control Systems Managers,7.047297634547213e-05
Radiation Therapists,0.00014382362869970003
Radio Frequency Identification Device Specialists,7.562526518204545e-05
"Radio, Cellular, and Tower Equipment Installers and Repairers",0.00018330214077009316
Radiologic Technologists and Technicians,0.00013393550051418973
Radiologists,0.00013770068412080147
Rail Car Repairers,0.00017536193770532326
"Rail Yard Engineers, Dinkey Operators, and Hostlers",0.00013625022397193
Rail-Track Laying and Maintenance Equipment Operators,0.00014925018935578753
"Railroad Brake, Signal, and Switch Operators and Locomotive Firers",0.00015818770180131154
Railroad Conductors and Yardmasters,0.00015393072260183098
Range Managers,0.0001486715029666447
Real Estate Brokers,0.00016059287352869478
Real Estate Sales Agents,6.92339481260679e-05
Receptionists and Information Clerks,0.0001338522419889947
"Recreation and Fitness Studies Teachers, Postsecondary",8.01851001990457e-05
Recreation Workers,0.0001260663323521819
Recreational Therapists,6.520621877436818e-05
Recreational Vehicle Service Technicians,0.00013657835592789343
Recycling and Reclamation Workers,0.00016670465786732127
Recycling Coordinators,8.791494628083186e-05
"Refractory Materials Repairers, Except Brickmasons",0.00014762525808471608
Refuse and Recyclable Material Collectors,7.663278780672729e-05
Registered Nurses,6.160828062155321e-05
Regulatory Affairs Managers,8.185275508334168e-05
Regulatory Affairs Specialists,7.193130851719359e-05
Rehabilitation Counselors,7.706147680400074e-05
Reinforcing Iron and Rebar Workers,0.0001627724932659366
Remote Sensing Scientists and Technologists,0.00014951984668030175
Remote Sensing Technicians,0.0001606967712689425
Reservation and Transportation Ticket Agents and Travel Clerks,0.0001531188513882026
Residential Advisors,7.623707269818124e-05
Respiratory Therapists,0.00014867161865432543
Retail Loss Prevention Specialists,6.426776648432805e-05
Retail Salespersons,0.00016331291573661356
Riggers,0.00017170818106866827
Robotics Engineers,8.391684601244455e-05
Robotics Technicians,0.0001715734706891338
"Rock Splitters, Quarry",0.000125549564799147
"Rolling Machine Setters, Operators, and Tenders, Metal and Plastic",0.00012093937374353844
"Roof Bolters, Mining",0.00014851278137246896
Roofers,0.00013026417805790699
"Rotary Drill Operators, Oil and Gas",0.00020239525551075206
"Roustabouts, Oil and Gas",0.00016975697503671447
Sailors and Marine Oilers,0.00016338042847612014
Sales Engineers,8.26485263435549e-05
Sales Managers,7.247093686976513e-05
"Sales Representatives, Wholesale and Manufacturing, Except Technical and Scientific Products",0.0001385628358973681
"Sales Representatives, Wholesale and Manufacturing, Technical and Scientific Products",0.00016460042704010972
"Sawing Machine Setters, Operators, and Tenders, Wood",0.00018268613226043177
School Psychologists,0.00012590067715808836
Search Marketing Strategists,0.00013454583876456214
"Secondary School Teachers, Except Special and Career/Technical Education",0.0001269266439518207
"Secretaries and Administrative Assistants, Except Legal, Medical, and Executive",0.00014875847212751043
"Securities, Commodities, and Financial Services Sales Agents",6.659773462215116e-05
Security and Fire Alarm Systems Installers,0.00012881985275760936
Security Guards,0.00012170018859192088
Segmental Pavers,0.00015953537923640067
Self-Enrichment Teachers,0.00013566051437362408
Semiconductor Processing Technicians,0.00016258553807977288
"Separating, Filtering, Clarifying, Precipitating, and Still Machine Setters, Operators, and Tenders",0.00015591251269760908
Septic Tank Servicers and Sewer Pipe Cleaners,0.00014414121469277956
"Service Unit Operators, Oil and Gas",0.00013621454959573612
Set and Exhibit Designers,7.451575578522347e-05
"Sewers, Hand",0.0001723273836568493
Sewing Machine Operators,0.00012195652308384151
Shampooers,0.00017545393671547266
Sheet Metal Workers,0.00018254765548063792
Ship Engineers,0.00015049822777164258
"Shipping, Receiving, and Inventory Clerks",0.00017683260786959115
Shoe and Leather Workers and Repairers,0.0001694148903534527
Shoe Machine Operators and Tenders,9.098068608315733e-05
Signal and Track Switch Repairers,0.00019702107040940516
Skincare Specialists,0.00013896189523816572
Slaughterers and Meat Packers,2.5300178755216194e-05
Social and Community Service Managers,7.97918426469424e-05
Social and Human Service Assistants,0.00013740412775826232
Social Science Research Assistants,0.0001202617688689483
"Social Work Teachers, Postsecondary",8.498996225741632e-05
Sociologists,0.00016181933271557832
"Sociology Teachers, Postsecondary",7.893096464715732e-05
Software Quality Assurance Analysts and Testers,0.00014587660877239634
Soil and Plant Scientists,8.947104158994676e-05
Solar Energy Installation Managers,7.051210579917407e-05
Solar Energy Systems Engineers,0.00012539094598444547
Solar Photovoltaic Installers,0.0001149769411974711
Solar Sales Representatives and Assessors,0.0001463001694504259
Solar Thermal Installers and Technicians,0.0001559188074314267
Sound Engineering Technicians,0.00017107453535251133
Spa Managers,6.854677626048856e-05
"Special Education Teachers, Middle School",0.00012583057391448048
"Special Education Teachers, Preschool",0.00013112334661023875
"Special Education Teachers, Secondary School",0.0001242917970038141
Special Effects Artists and Animators,0.00016638512076317131
Speech-Language Pathologists,0.00015455520277589795
Speech-Language Pathology Assistants,8.161469142500404e-05
Sports Medicine Physicians,7.991044413484515e-05
Stationary Engineers and Boiler Operators,0.00013930679527474003
Statistical Assistants,0.00016995843421646834
Statisticians,0.0001501227174655928
Stockers and Order Fillers,0.00014530857188237528
"Stone Cutters and Carvers, Manufacturing",0.00016300312925290192
Stonemasons,0.00015273735853720927
Structural Iron and Steel Workers,0.00013855892240726783
Structural Metal Fabricators and Fitters,0.00014643425936672832
Substance Abuse and Behavioral Disorder Counselors,6.734948668052945e-05
Subway and Streetcar Operators,0.00012353418575646749
Supply Chain Managers,6.33650439462857e-05
Surgical Assistants,0.0001488595459937341
Surgical Technologists,0.00012516056485410183
Survey Researchers,0.00016976585400773478
Surveying and Mapping Technicians,0.0001306113142776122
Surveyors,0.00016552537011816642
Sustainability Specialists,8.214004680941882e-05
"Switchboard Operators, Including Answering Service",0.00015115754345778723
"Tailors, Dressmakers, and Custom Sewers",0.00014279596249729088
Talent Directors,8.504444843389228e-05
"Tank Car, Truck, and Ship Loaders",0.00016260857442851199
Tapers,0.0001389947867242791
"Tax Examiners and Collectors, and Revenue Agents",7.79522895770191e-05
Tax Preparers,0.00015977376379461657
"Teaching Assistants, Postsecondary",0.00013819440013004573
"Teaching Assistants, Preschool, Elementary, Middle, and Secondary School, Except Special Education",0.00014968881569618576
Team Assemblers,8.087534576664852e-05
Technical Writers,4.923632437023405e-05
Telecommunications Engineering Specialists,0.00010017459041617933
"Telecommunications Equipment Installers and Repairers, Except Line Installers",0.00015103526193094744
Telecommunications Line Installers and Repairers,0.00016804628206672692
Telemarketers,9.149359115575927e-05
Telephone Operators,9.517071412243856e-05
Tellers,0.00017159534082647764
Terrazzo Workers and Finishers,0.0001523102082328325
Textile Bleaching and Dyeing Machine Operators and Tenders,0.0001226899400163443
"Textile Cutting Machine Setters, Operators, and Tenders",0.0001363151231451535
"Textile Knitting and Weaving Machine Setters, Operators, and Tenders",0.00013229339590302582
"Textile Winding, Twisting, and Drawing Out Machine Setters, Operators, and Tenders",0.0001488553094570949
Tile and Stone Setters,0.00016133326316905927
Timing Device Assemblers and Adjusters,0.0001869942246016645
Tire Builders,0.00014128943812058135
Tire Repairers and Changers,0.00017824604526556277
"Title Examiners, Abstractors, and Searchers",0.00012995155441142836
Tool and Die Makers,0.00017111524880088704
"Tool Grinders, Filers, and Sharpeners",0.00018130345217184872
Tour Guides and Escorts,8.410705667863573e-05
Traffic Technicians,0.00014690614647950082
Training and Development Managers,0.00013882567255726536
Training and Development Specialists,8.095607960949886e-05
Transit and Railroad Police,8.304998591001297e-05
Transportation Engineers,6.331486119191896e-05
Transportation Inspectors,0.00012907247737147236
Transportation Planners,7.103020345420599e-05
Transportation Security Screeners,0.00015587966371438623
"Transportation Vehicle, Equipment and Systems Inspectors, Except Aviation",0.0001499073955314455
"Transportation, Storage, and Distribution Managers",6.145672025548346e-05
Travel Agents,0.00017635055134217456
Travel Guides,0.0001575159600961324
Treasurers and Controllers,7.226600883419415e-05
Tree Trimmers and Pruners,0.00014082685037448874
Tutors,0.00012954232856377912
"Umpires, Referees, and Other Sports Officials",7.566745883038333e-05
Upholsterers,0.00018351686127238487
Urban and Regional Planners,0.00013417921211055064
Urologists,0.0001634027788617477
"Ushers, Lobby Attendants, and Ticket Takers",0.0001299170806822854
Validation Engineers,0.00011934349103166735
Veterinarians,7.450814113432657e-05
Veterinary Assistants and Laboratory Animal Caretakers,7.96900978363225e-05
Veterinary Technologists and Technicians,0.00012070928826648441
Video Game Designers,7.890120621588411e-05
Waiters and Waitresses,3.5947700099493704e-05
Watch and Clock Repairers,0.0001661121082636129
Water and Wastewater Treatment Plant and System Operators,0.00017650495036261718
Water Resource Specialists,0.00014069314720176665
Water/Wastewater Engineers,0.0001070764444913858
Weatherization Installers and Technicians,0.00017602082446388013
Web Administrators,0.00010630518163710428
Web Developers,5.972620565254094e-05
"Weighers, Measurers, Checkers, and Samplers, Recordkeeping",0.00014301354503453052
"Welders, Cutters, Solderers, and Brazers",0.0001573363032886689
"Welding, Soldering, and Brazing Machine Setters, Operators, and Tenders",0.00016461620464191382
Wellhead Pumpers,0.00018260446082528765
"Wholesale and Retail Buyers, Except Farm Products",8.056544799888217e-05
Wind Energy Development Managers,7.100485719450032e-05
Wind Energy Engineers,0.00011818110192083607
Wind Energy Operations Managers,7.838239031630225e-05
Wind Turbine Service Technicians,7.038448030811432e-05
"Woodworking Machine Setters, Operators, and Tenders, Except Sawing",0.00017972063014740563
Word Processors and Typists,0.00017052700296301372
Writers and Authors,0.00016839263755299852
Zoologists and Wildlife Biologists,6.223252642738889e-05
