Verb,Noun
grid,method
grid,learning
grid,device
start,machining
provide,serivce
use,bigdata
spectrum,method
versione,model
generate,dataset
use,model(
define,biomolecule
identify,malware
use,pre
virtualize,memory
enable,aligning
use,regularizer
tailormade,learning
arrhythmia,visualization
predict,cardiotoxicity
volumetric,capture
enable,pricer
preprocesse,datum
generate,ruleset
apply,hyperparameter
preload,result
mitigate,targeting
accomodate,workload
use,watermarking
label,dataset
use,blockchain
use,blockchain
predict,geolocation
use,fiducial
use,dataset
anonymize,datum
enable,fail
use,pseudolabel
generate,dataset
enrich,dataset
obstacle,detection
intent,analysis
obstacle,detection
ai,system
determine,multiplet
generate,mashup
ture,machine
generate,floorplan
use,blockchain
infer,biomarker
use,transceiver
predefine,characteristic
ai,system
share,bio
use,filtering
matrix,hardware
use,photoplethysmography
leverage,analytic
healthcare,datum
emulate,playstyle
ai,system
outcome,analysis
role,taxonomy
stenosis,quantification
use,embedding
interestingness,recommendation
share,bio
composite,search
harness,analytic
map,reachability
differentiate,-
facilitate,dignosis
identify,visual
intent,analysis
domain,system
analyze,microbiota
learn,dermatopathology
serverless,workflow
serverless,platform
multitaske,system
interference,analysis
attribute,tagging
valve,gateway
database,entry
enable,pseudonymization
entangle,autoencoder
estimate,microdamage
replicate,dataset
generate,dataset
use,analytic
use,analytic
replicate,dataset
distribute,routing
have,failover
create,dataset
outcome,analysis
label,dataset
correlate,biometric
biomarker,algorithm
use,interferometry
enhance,cybersecurity
bias,renderer
identify,touchpoint
use,biomarker
gapless,communication
assess,microservice
template,document
use,analytic
re,feature
domain,correction
use,analytic
characterize,nanostructure
councele,content
detect,malware
via,control
phishe,website
provide,therefor
width,selection
interference,mitigation
use,ensembling
detect,dysregulation
use,sparse
bedsore,system
perform,analytic
learn,optimizer
use,autoencoder
patch,matching
detect,plugging
method,facility
advertisement,method
subtype,disorder
identify,neoantigen
enable,personalization
provide,serivce
use,analytic
manage,routing
phishe,attack
use,classifying
classify,malware
live,analytic
receive,downlink
use,api
base,verifiability
waveform,datum
provide,recommandation
user,state
use,chatbot
use,photoplethysmography
vivo,method
use,sparse
volumetric,datum
learn,networking
vectorize,feature
implement,sidechain
triage,bot
have,-
uplink,information
track,proximate
generate,embedding
reconfigure,environment
reselecte,carrier
use,irradiator
imitate,gameplay
denoise,rendering
ultrasound,device
detect,ransomware
use,analytic
use,faceguard
use,blockchain
call,analytic
inject,-
learn,routing
offerre,time
predict,msi
valve,method
valve,system
predict,neurotoxicity
use,dataset
diagnose,dysbiosis
measure,smartglasse
determine,biomarker
train,chatbot
forecast,drying
transient,method
provide,labeling
curate,image
combat,cyberattack
incentivize,improvement
use,chatbot
use,autoencoder
use,blockchain
use,autoencoder
interference,detection
facilitate,dignosis
use,blockchain
use,analytic
advertisement,method
provide,personalization
use,cyclegan
decode,barcode
use,filtering
interference,cancellation
denoise,encoder
perform,analytic
validate,biomarker
ai,system
denoise,image
enable,reuse
plugin,device
assist,provisioning
replicate,dataset
outbreak,modeling
service,dataset
perform,analytic
improve,personalization
retargete,sequence
optimize,conferencing
manage,instructure
generate,edit
powertrain,control
gps,refinement
implement,upload
embed,analytic
ai,model
thunderstorm,method
matrix,instruction
lobe,method
blockchain,technology
determine,alia
determine,timestamp
utilize,electronic
use,autoencoder
strengthen,-
truthe,label
use,autoencoder
use,biomarker
use,biasing
detect,malware
detect,homograph
detect,redirection
utilize,blockchain
disincentivize,behavior
annotate,dataset
ponde,detection
use,embedding
employ,subgraph
use,analytic
preempt,behavior(s
identify,biomolecule
use,encoder
tactile,device
tactile,program
cluster,labeling
gps,conservation
determine,off
learn,autoencoder
unsupervise,registration
use,blockchain
use,thresholding
predict,microclimate
assemblie,system
assemblie,recommendation
waveform,classification
use,embedding
mitigate,malware
aggregate,biosignal
perform,worksite
detect,malware
augment,underwriting
use,biometric
increase,personalization
identify,abnormity
endpoint,device
preloade,method
construct,optimizer
use,blockchain
prevent,malware
depth,state
perform,biometric
predict,abnormity
alternative,control
anonymize,entry
use,blockchain
utilize,blockchain
venue,management
employ,blockchain
phishe,method
baseline,profile
identify,malware
use,-
diagnose,abnormity
crowd,analytic
enable,analytic
ran)-aware,optimization
generate,biomarker
relationship,entry
perform,multiply
ear,shape
ear,shape
use,multi
use,-
ai,extension
use,autoencoder
use,rollout
facilitate,troubleshooting
use,dataset
improve,coli
use,deduplication
tactile,device
tactile,structure
generate,-
use,transform
use,blockchain
anonosize,datum
utilize,biometric
manage,worksite
use,analytic
remote,application
use,analytic
prototype,internet
monitor,abnormity
provide,bigdata
connectionless,transport
unplanne,method
implement,braking
token,tray
token,method
anonymize,content
use,diffing
femtocell,mechanism
equipment,method
use,shearlet
use,nanophotonic
utilize,embedding
tokenize,-
tokenize,commerce
use,blockchain
guidewire,device
interference,detection
preloade,amount
point,biometric
indication,system
utilize,embedding
reconfigure,component
identify,malware
trigger,analytic
detect,triggering
determine,drivability
have,acclerator
protect,ssd
use,perceptron
use,memristor
generate,subquery
proxye,protocol
modify,subquery
facilitate,provisioning
deepleare,method
unsupervise,tacotron
retargete,system
biopsy,system
reconfigurable,propeller
have,tensioner
set,odd
implement,braking
phishe,method
use,-
generate,subquery
unsupervise,method
base,targeting
reentere,mode
weight,prioritization
learn,filtering
spectrum,optimization
camerawork,method
feedback,analysis
synthesize,modificator
multithread,processor
kurtosis,index
dynamic,method
use,propulsor
preloade,method
have,microservice
use,concatemer
detect,keypoint
support,analytic
use,chatbot
advertisement,system
predict,superpixel
customizable,plan
ture,test
method,vision
manage,whitelist
train,chatbot
multithreade,processor
denoise,network
preloade,method
setpoint,change
text,method
use,namespace
denoise,image
use,therefor
use,filtering
resupplye,consumable
use,hashing
use,blockchain
preloade,method
nodule,method
parametric,database
improve,cybersecurity
nodule,method
ai,method
vehicle,occupant
use,dns
hardcode,problem
define,licensing
phishe,method
anonymize,datum
use,keyword
form,dataset
repurpose,vehicle
monitor,alterness
interference,method
text,analysis
preloade,application
detect,malware
dynamic,controller
secure,crowdsourcing
train,autoencoder
use,analytic
detect,interferent
spectrum,optimization
preprocesse,datum
use,procossing
perform,pooling
ear,detection
use,interactivity
selete,device
denoise,image
remixe,medium
train,optimizer
use,V2X
unsupervise,method
identify,biomolecule
determine,biomarker
receive,ppdu
use,indicia
curate,datum
transmit,ppdu
interference,adaption
assess,detectability
receive,ppdu
operationalize,walkability
use,embedding
fuzze,datum
use,rnn
geotagge,text
reconfigure,component
transient,stability
transient,method
transient,method
use,blockchain
identify,malware
ai,model
evolove,stream
transpose,multiply
receive,ppdu
guide,filtering
blockchaine,platform
use,-
use,blockchain
use,bigdata
defogge,method
use,analytic
monitor,preventer
detect,login
provide,analytic
provide,multi
prefetche,datum
semantic,method
linkage,system
preterm,rupture
generate,intellligence
peer,sta
use,hearable
advertisement,selection
cool,sys
cool,tem
unsupervise,method
incentivize,sharing
provide,analytic
query,dataset
assess,microbiota
classify,interferent
equipment,model
dispatch,semantic
hadoop,store
provide,offload
use,wordmap
induce,categorizer
sur,dispositif
eine,verstärkungslernmodell
스토리지,장치
eine,programms
use,autoencoder
predict,msi
chromosome,method
defogge,method
denoise,image
learn,dermatopathology
denoise,method
nodule,method
manufacture,chipset
biopsy,system
multiplexe,method
nodule,method
generate,dataset
lobe,method
dynamic,method
nodule,method
chromosome,method
use,-
nodule,method
generate,dataset
phishe,method
preprocesse,datum
gastroscope,system
use,regularizer
denoise,image
learn,filtering
tailormade,learning
use,filtering
provide,serivce
use,bigdata
define,biomolecule
use,watermarking
generate,ruleset
draw,keyword
use,model(
versione,model
grid,device
identify,malware
use,pre
use,pseudolabel
enable,aligning
arrhythmia,visualization
virtualize,memory
accomodate,workload
preload,result
anonymize,datum
predict,cardiotoxicity
volumetric,capture
enable,pricer
apply,hyperparameter
mitigate,targeting
label,dataset
use,blockchain
use,blockchain
phishe,attack
enrich,dataset
determine,biomarker
obstacle,detection
obstacle,detection
use,dataset
predict,geolocation
healthcare,datum
recognize,facie
use,sparse
facilitate,dignosis
matrix,hardware
seedle,identification
live,analytic
embed,analytic
detect,abnormity
use,videotube
domain,system
generate,dataset
width,selection
use,ensembling
substrate,method
generate,mashup
predefine,characteristic
replicate,dataset
entangle,autoencoder
use,autoencoder
kurtosis,index
enable,fail
analyze,microbiota
infer,biomarker
use,filtering
valve,gateway
intent,analysis
facilitate,dignosis
use,autoencoder
share,bio
share,bio
enable,personalization
attribute,tagging
ai,system
powertrain,control
parenchyma,method
emulate,playstyle
detect,dysregulation
use,analytic
provide,serivce
spectrum,method
use,biomarker
serverless,workflow
serverless,platform
use,analytic
perform,analytic
outcome,analysis
ai,system
octave,spatial
bedsore,system
harness,analytic
phishe,website
outcome,analysis
denoise,rendering
use,embedding
estimate,microdamage
interference,method
bias,renderer
use,photoplethysmography
leverage,analytic
thunderstorm,method
composite,search
learn,networking
stenosis,quantification
use,analytic
use,blockchain
use,irradiator
prevent,malware
predict,superpixel
intent,analysis
chromosome,method
interestingness,recommendation
annotate,dataset
determine,multiplet
detect,ransomware
replicate,dataset
identify,visual
ai,system
interference,detection
enhance,cybersecurity
have,failover
patch,matching
enable,pseudonymization
speedup,planning
provide,therefor
vectorize,feature
use,analytic
ai,system
token,tray
token,method
identify,neoantigen
learn,optimizer
form,dataset
create,dataset
replicate,dataset
service,dataset
detect,homograph
receive,downlink
optmize,sequence
use,analytic
blade,method
use,encoder
apply,analytic
use,networking
spectrum,method
employ,multimodal
autocalibrate,acquisition
face,morphing
councele,content
perform,machining
genarate,network
model,mehtod
correlate,biometric
imitate,gameplay
use,cyclegan
blockchain,technology
defogge,method
use,api
preprocesse,system
inputte,information
use,surrounding
subtype,disorder
use,filtering
use,classifying
determine,offloading
use,photoplethysmography
grid,method
grid,learning
advertisement,method
detect,plugging
use,did
use,-
provide,bigdata
predict,hashtag
platform,method
prioritize,download
ai,system
indication,system
accelerate,subgraph
uplink,information
manage,routing
use,analytic
utilize,embedding
leverage,genetic
reselecte,carrier
method,therefor
unsupervise,method
predictive,management
dishwashe,method
measure,downtilt
ponde,assessment
support,iot
uplink,method
reconstruct,-
use,faceguard
detect,plugging
have,acclerator
prioritize,upload
width,method
user,state
use,matching
deblurre,method
denoise,image
use,diffing
learn,autoencoder
waveform,datum
denoise,encoder
provide,recommandation
base,verifiability
construct,optimizer
use,chatbot
learn,appartus
have,tagging
use,sparse
volumetric,datum
use,blockchain
triage,bot
denoise,method
track,proximate
have,-
lobe,method
generate,embedding
learn,routing
vivo,method
spectrum,optimization
interface,element
use,analytic
offerre,time
unplanne,method
use,dataset
curate,image
improve,personalization
measure,smartglasse
matrix,instruction
phishe,method
fuse,rcnn
provide,personalization
interference,mitigation
predict,abnormity
method,facility
defogge,method
unsupervise,method
unsupervise,device
nodule,method
use,blockchain
prepare,tetrafluoride
evenize,method
valve,method
valve,system
denoise,method
call,analytic
use,dataset
text,method
waveform,classification
retargete,sequence
predict,neurotoxicity
ponde,detection
diagnose,dysbiosis
spectrum,method
denoise,network
identify,malware
interference,cancellation
gps,refinement
domain,learning
transient,method
deblurre,method
manage,instructure
ai,device
combat,cyberattack
tactile,device
tactile,program
generate,edit
advertisement,method
transceive,signal
use,blockchain
gps,conservation
face,matching
use,analytic
train,chatbot
trigger,analytic
denoise,method
nodule,classification
provide,routing
-base,method
nodule,method
nodule,method
nodule,method
plugin,device
use,filtering
use,fets
forecast,drying
reconfigure,environment
perform,analytic
unicaste,content
optimize,conferencing
relighte,network
use,hashing
decode,barcode
multitaske,system
use,blockchain
enable,reuse
implement,upload
perform,analytic
outbreak,modeling
predict,microclimate
use,shearlet
detect,redirection
modularize,system
portrait,layout
nodule,method
employ,subgraph
unsupervise,method
unsupervise,tacotron
use,blockchain
preprocesse,datum
assist,provisioning
use,autoencoder
use,embedding
feedback,analysis
identify,abnormity
determine,alia
infrare,model
use,autoencoder
use,biomarker
implement,sidechain
strengthen,-
denoise,architecture
denoise,network
determine,timestamp
use,blockchain
nodule,method
bootstrappe,training
defogge,method
combine,autoencoder
have,rotator
detect,malware
assemblie,system
assemblie,recommendation
object,-
inpainte,method
use,encoder
unsupervise,method
utilize,electronic
alternative,control
use,analytic
utilize,blockchain
detect,triggering
dynamic,controller
dishwashe,system
diagnose,abnormity
monitor,abnormity
unsupervise,registration
identify,biomolecule
use,therefor
shortcut,suggestion
shortcut,interface
ponde,detection
use,voxelization
waveform,analysis
use,embedding
mitigate,malware
use,rollout
utilize,blockchain
generate,biomarker
preloade,method
augment,underwriting
cluster,labeling
crowd,analytic
enable,analytic
unsupervise,method
base,targeting
gastroscope,system
facilitate,provisioning
increase,personalization
perform,worksite
keyword,recommendation
perform,biometric
determine,off
text,method
anonymize,entry
synthesize,modificator
use,biometric
counter,encoder
use,autoencoder
pixel,method
ear,shape
ear,shape
text,method
use,watermarking
use,thresholding
recognize,keyword
denoise,image
employ,blockchain
equipment,method
determine,drivability
venue,management
generate,embedding
ran)-aware,optimization
determine,sparse
use,V2X
facilitate,troubleshooting
use,-
baseline,profile
use,dataset
anonosize,datum
use,nanophotonic
ai,extension
use,blockchain
disincentivize,behavior
use,encoder
perform,rotate
utilize,encoder
unsupervise,pedestrian
provide,api
implement,braking
preempt,behavior(s
prototype,internet
remote,application
use,analytic
use,autoencoder
utilize,embedding
unsupervise,method
interference,method
tandem,window
anonymize,datum
manage,worksite
use,analytic
portrait,method
portrait,method
remixe,medium
defogge,method
femtocell,mechanism
connectionless,transport
perform,pooling
train,cnn
use,gan
use,-
customizable,system
detect,-
ai,method
coefficient,engine
perform,odometry
determine,dataset
개인화,인식하는
eine,programms
use,model(
versione,model
enable,pricer
grid,device
identify,malware
use,pre
virtualize,memory
enable,aligning
use,regularizer
accomodate,workload
tailormade,learning
define,biomolecule
arrhythmia,visualization
predict,cardiotoxicity
generate,ruleset
volumetric,capture
preprocesse,datum
use,watermarking
predict,geolocation
anonymize,datum
apply,hyperparameter
use,blockchain
preload,result
provide,serivce
use,bigdata
use,blockchain
use,pseudolabel
label,dataset
use,dataset
generate,mashup
enable,fail
domain,system
harness,analytic
healthcare,datum
perform,analytic
generate,dataset
learn,dermatopathology
predict,msi
phishe,attack
use,autoencoder
grid,method
grid,learning
use,classifying
learn,networking
enrich,dataset
obstacle,detection
obstacle,detection
generate,dataset
chromosome,method
denoise,image
haptic,sequence
lobe,method
nodule,method
use,sparse
emulate,playstyle
biopsy,system
matrix,hardware
use,transceiver
stenosis,quantification
patch,matching
predefine,characteristic
share,bio
intent,analysis
use,filtering
interestingness,recommendation
use,photoplethysmography
leverage,analytic
share,bio
identify,touchpoint
outcome,analysis
determine,multiplet
learn,optimizer
use,embedding
facilitate,dignosis
identify,visual
ai,system
valve,gateway
nodule,method
composite,search
infer,biomarker
attribute,tagging
use,blockchain
ai,system
analyze,microbiota
enable,pseudonymization
defogge,method
denoise,image
entangle,autoencoder
blockchain,technology
utilize,sparse
determine,biomarker
use,analytic
assist,provisioning
use,filtering
learn,autoencoder
use,blockchain
use,blockchain
denoise,method
gastroscope,system
use,analytic
plugin,device
use,renderer
use,dataset
advertisement,method
use,cyclegan
use,-
validate,biomarker
nodule,method
use,analytic
imitate,gameplay
replicate,dataset
live,analytic
ai,system
use,videotube
use,autoencoder
use,ensembling
dynamic,method
bias,renderer
enhance,cybersecurity
enable,personalization
phishe,website
facilitate,dignosis
detect,dysregulation
use,biomarker
bedsore,system
generate,dataset
generate,embedding
prevent,malware
provide,serivce
replicate,dataset
outcome,analysis
use,photoplethysmography
have,failover
diagnose,dysbiosis
manage,routing
subtype,disorder
detect,plugging
use,analytic
feedback,form
use,api
serverless,workflow
serverless,platform
correlate,biometric
use,sparse
volumetric,datum
anonosize,datum
nodule,method
interference,detection
embed,analytic
identify,neoantigen
use,irradiator
use,blockchain
receive,downlink
substrate,method
have,-
recognize,facie
user,state
use,analytic
vectorize,feature
service,dataset
waveform,datum
learn,routing
denoise,rendering
use,chatbot
phishe,method
valve,system
valve,stem
method,facility
use,faceguard
learn,filtering
detect,abnormity
spectrum,method
combat,cyberattack
base,verifiability
uplink,information
offerre,time
reselecte,carrier
detect,ransomware
call,analytic
assist,multi
utilize,pre
utilize,-
powertrain,control
ai,system
interference,mitigation
provide,personalization
predict,neurotoxicity
position,abnormity
measure,smartglasse
track,proximate
annotate,dataset
generate,floorplan
transient,method
locate,indoor
determine,parame
subtype,cancer
use,embedding
detect,malware
gapless,communication
augment,underwriting
login,authentication
predict,pathogenicity
use,encoder
predict,performace
differentiate,-
use,analytic
determine,hyper
learn,embedding
authorize,charging
rtrt)-base,shading
answer,dataset
precode,method
interference,adaption
apply,similiaritie
guide,filtering
detect,exfiltration
nodule,method
unsupervise,adaptation
evolove,stream
determine,subtype
utilize,metanetwork
councele,content
prevent,drowsy
unsupervise,method
microblogge,posting
gate,parallelization
use,analytic
anonymize,video
use,visioning
perform,analytic
attitude,method
detect,homograph
optimize,conferencing
curate,image
generate,edit
detect,malware
kurtosis,index
denoise,encoder
forecast,drying
use,filtering
improve,personalization
provide,bigdata
reconfigure,environment
multitaske,system
retargete,sequence
token,tray
token,method
determine,alia
use,biomarker
use,surrounding
decode,barcode
tactile,device
tactile,program
perform,analytic
matrix,instruction
ponde,detection
thunderstorm,method
implement,sidechain
manage,instructure
employ,subgraph
train,chatbot
use,blockchain
strengthen,-
implement,upload
model,mehtod
depthwise,convolution
outcome,determination
phishe,method
use,analytic
generate,mashup
use,blockchain
outbreak,modeling
gps,refinement
identify,biomolecule
detect,redirection
draw,keyword
assemblie,system
assemblie,recommendation
enable,reuse
form,dataset
use,analytic
indication,system
seedle,identification
cluster,labeling
use,blockchain
identify,abnormity
use,embedding
predict,abnormity
use,blockchain
octave,spatial
anonymize,entry
chromosome,method
use,embedding
use,-
use,autoencoder
increase,personalization
predict,superpixel
gps,conservation
ear,shape
ear,shape
use,diffing
determine,offloading
alternative,control
identify,malware
have,tagging
waveform,classification
generate,-
construct,optimizer
mitigate,malware
use,dataset
ran)-aware,optimization
unplanne,method
utilize,blockchain
generate,biomarker
have,acclerator
facilitate,troubleshooting
utilize,electronic
use,-
utilize,embedding
detect,keypoint
diagnose,abnormity
utilize,blockchain
employ,blockchain
use,blockchain
perform,biometric
use,encoder
determine,timestamp
use,autoencoder
enable,analytic
implement,braking
equipment,method
interference,method
monitor,abnormity
use,biometric
query,datasource
denoise,image
use,nanophotonic
determine,sparse
set,odd
baseline,profile
trigger,analytic
nodule,method
disincentivize,behavior
determine,drivability
inputte,information
utilize,embedding
use,blockchain
aggregate,biosignal
unsupervise,registration
generate,volumetric
perform,xnor
protect,ssd
distribute,rescheduling
determine,off
generate,workscope
preempt,behavior(s
femtocell,mechanism
implement,braking
detect,triggering
reconfigure,component
feedback,analysis
prototype,internet
retargete,system
remote,application
phishe,method
unsupervise,tacotron
use,did
use,autoencoder
reconstruct,-
perform,worksite
use,analytic
base,targeting
point,biometric
use,hashing
preprocesse,system
reconfigurable,propeller
transceive,signal
customizable,plan
use,filtering
text,method
synthesize,modificator
camerawork,method
use,dataset
use,therefor
ai,extension
use,chatbot
have,microservice
use,concatemer
setpoint,change
unsupervise,method
weight,prioritization
preloade,amount
facilitate,provisioning
detect,malware
tactile,device
tactile,structure
ai,method
preprocesse,datum
resupplye,consumable
multithread,processor
manage,whitelist
nodule,method
denoise,method
use,rollout
reentere,mode
anonymize,datum
parenchyma,method
multithreade,processor
modularize,system
preloade,method
use,dns
nodule,classification
deblurre,method
vehicle,occupant
use,V2X
defogge,method
advertisement,selection
use,filtering
connectionless,transport
keyword,recommendation
interference,method
preloade,application
spectrum,optimization
shortcut,interface
shortcut,suggestion
lobe,method
tokenize,-
tokenize,commerce
use,keyword
use,blockchain
use,perceptron
platoone,vehicle
associate,micro
associate,-
use,analytic
inpainte,method
extract,keyword
identify,biomarker
detect,diabete
colearne,type
spectrum,voice
phishe,site
include,signalizer
customize,indicia
ai,method
nodule,method
smishe,message
preloade,method
use,vectorcardiogram
retargete,assessment
prefetche,datum
detect,login
monitor,preventer
width,search
spectrum,method
composite,sequence
use,encoder
transcode,method
prevent,dialing
rainstorm,method
generate,prerendering
defogge,method
manage,biasing
identify,modulator
log,microservice
aid,dignosis
execute,propelleration
diabetes,device
use,filtering
einen,aufzug
이용하는,서버
기반의,학습
und,anwendungen
use,blockchain
workflow,system
use,blockchain
prevent,malware
unsupervise,feature
reduce,coronasomnia
unsupervise,detection
replicate,dataset
replicate,dataset
replicate,dataset
have,failover
generate,dataset
use,blockchain
display,keyword
associate,keyword
use,analytic
answer,calibrating
propagate,tagging
correlate,biometric
use,recognization
live,analytic
use,blockchain
anonymize,system
plugin,device
share,bio
disease,assessment
share,bio
use,faceguard
generate,biomarker
spectrum,method
sensor,failure
brainwave,apparatus
generate,biomarker
manage,economic
manage,accessiblity
subtype,disorder
relationship,entry
tactile,device
denoise,mention
keyword,recommendation
ture,test
quantitate,rna
portrait,method
portrait,method
user,state
use,hashing
reentere,mode
detect,dysregulation
use,dataset
feedback,platform
send,pictogram
use,analytic
interference,mitigation
lock,affordance
exchange,-
exchange,-
interface,apparatus
use,biomarker
enable,refactoring
calculate,overlaying
quantitate,progression
ear,method
ear,system
diabetes,system
use,ensembling
use,dataset
use,autoencoder
provide,tunable
endpoint,extraction
treat,diabete
transient,attack
use,embedding
interference,technique
measure,biosignal
use,mirna
use,troponin
aggregate,biosignal
interference,mitigation
enable,personalization
femtocell,method
improve,findability
provide,bigdata
detect,mura
use,electroencephalography
use,diffing
interference,method
use,v2v
treat,tauopathy
judge,tendentiousness
parameterize,device
use,biomarker
use,biomarker
use,api
use,chatbot
ear,stimulation
manage,lifecycle
tactile,feedback
use,interactivity
ai,system
deauthenticate,user
width,search
enable,aligning
microservice,pattern
use,containerization
cascade,edit
ai,system
use,hashing
ai,system
deconflicte,change
use,geocaching
implement,upload
predict,iconicity
data,augmentation
accelerate,subgraph
evaluate,genotoxicity
optimize,up
use,pupillometer
assist,provisioning
utilize,electronic
level,touchsurface
conference,planner
generate,floorplan
utilize,blockchain
ear,system
provide,neurorehabilitation
recommend,regiman
control,supervisory
exposure,interface
intent,awareness
use,scripting
interference,detection
motivate,regiman
improve,reselection
comprise,nanoantibodie
prevent,hypoglicemia
guide,reminding
spectrum,function
provide,sequencing
provide,ipscs
pyroglutamate,peptide
use,-
inline,qualification
pass,interconnect
predict,churner
access,word(s
utilize,transceiver
spectrum,sensing
network,neuromodulation
use,neurofeedback
personality,trait
effortless,recognition
waveform,method
use,olfactometer
enable,networking
spectrum,fragmentation
use,analytic
prefetche,datum
network,neuromodulation
spectrum,resource
use,analytic
support,misrecognition
detect,disorder(s
detect,analyte
spectrum,device
relationship,entry
reenter,mode
provide,traceability
brainwave,child
multiplexe,communication
interference,communication
ture,test
identify,biomarker
use,faceguard
spectrum,method
stimulu,information
dsl,nesting
functionalize,nanoparticle
waveform,characteristic
create,multi
create,-
create,chatbot
apply,geolocation
seabe,method
spectrum,system
packetize,informatic
spectrum,method
use,relm
inhibit,phosphorylation
alertness,system
produce,dataset
waveform,system
waveform,method
utilize,vasculature
detect,ransomware
spectrum,method
dynamic,method
dynamic,method
spectrum,method
display,affordance
determe,risk
spectrum,system
subtype,disease
classficate,cloud
spectrum,method
use,therapy(ect
ai,platform
base,embedding
employ,morphing
provide,-
spectrum,apparatus
measure,uncoupling
reconfigurable,neuron
preprocesse,operation
recyclie,method
watermarke,factor
employ,subgraph
prevent,drowsy
use,biomarker
use,thereto
use,passcode
process,biomarker
apply,telematic
spectrum,method
enable,prioritization
use,neurofeedback
query,dataset
spectrum,device
spectrum,function
enable,analytic
spectrum,method
enable,deferring
outcome,tracking
treat,hypertonicity
treat,tauopathy
uplink,method
spectrum,assessment
enhance,neuroregeneration
spectrum,method
share,databank
base,digesting
-,demonstration
block,robocall
parse,semantic
utilize,metanetwork
distribute,soundscape
use,therefor
crowdsource,capture
use,biomarker
use,biometric
generate,response(s
use,eyegaze
correlate,micro
correlate,-
spectrum,method
use,cryptocurrency
distribute,commit
use,blockchain
teach,pre
spectrum,method
make,nanostructure
control,treemap
face,morphing
use,transform
use,fmri
use,volumetric
benchmarke,accessibility
utilize,labelling
packetize,intelligence
use,thereto
pathfinde,system
waveform,method
provide,summery
base,stimulator
provide,neurorehabilitation
provide,neurorehabilitation
event,handler
identify,barcode
foe,method
spectrum,system
multitaske,phone
aptitude,device
use,nnxx
improve,neuroperformance
interference,method
monitor,neurodegeneration
spectrum,method
interference,communication
spectrum,method
spectrum,information
use,thereto
interference,communication
individualize,neuromodulation
use,analytic
subsample,datum
ecommerce,engine
impend,change
modularize,platform
provide,-
stimuli,test
compare,kpi
spectrum,method
spectrum,method
text,representation
spectrum,method
spectrum,system
extract,causal
emit,device(s
sythesize,waveform
provide,regiman
detect,abnormity
prevent,-
inputte,symbol
arrhythmia,diagnosis
neuroimage,method
identify,comorbiditie
crowdsource,system
use,embedding
use,embedding
represent,soundscape
deliver,polynucleotide
spectrum,method
spectrum,system
use,therefor
controllle,display
disassemble,electronic
recommend,nutraceutical
spectrum,method
cochlear,stimulation
interference,avoidance
accelerate,optimizer
interference,method
comprise,lactam
optimize,defragmentation
use,mirnas
waveform,method
spectrum,system
spectrum,method
provide,sevice
compute,eigenpair
use,-
use,instancing
SYNAPTIC,element
identify,semantic
inhibit,neurodegeneration
fluorinate,composition
spectrum,method
coefficient,method
coefficient,method
sense,modulator
superconducte,computer
substitute,pyrido
substitute,indole
provide,dosing
use,biomarker
use,-
substrate,method
parametric,modeling
use,dataset
use,blockchain
backlighte,display
block,robocall
denoise,scene
use,analytic
use,hashing
antidote,label
syncronize,playback
characterise,actimetry
uplink,instruction
transmit,codebook
receive,codebook
use,filtering
connect,usb
spectrum,method
use,tagging
interference,relation
objective,management
spectrum,method
spectrum,method
spectrum,device
render,therefor
encode,neoantigen
spectrum,resource
uplink,scheme
interference,method
process,olfactory
use,biomarker
spectrum,method
commuicate,informaton
sectionalize,document
use,datastream
anonymize,datum
spectrum,method
upsample,image
objective,management
quantitate,extent
use,resampling
detect,neurodegeneration
use,tractography
compute,robust
spectrum,method
uptitrate,dosage
interference,method
use,downlink
spectrum,method
manage,chatbot
use,adc
primate,function
waveform,method
use,syste
emv,communication
spectrum,system
brainwave,entrainment
learn,disaggregation
spectrum,method
spectrum,device
use,biosignal
enable,neurotherapy
spectrum,method
handshake,method
classify,endophenotype
vehicle,platform
use,sparse
optimize,ahead
stickere,method
detect,tauopathie
spectrum,method
spectrum,method
spectrum,method
provide,modulator
spectrum,method
spectrum,characterization
spectrum,method
interference,signal
spectrum,method
spectrum,resource
use,biomarker
waveform,engine
spectrum,method
spectrum,method
spectrum,method
interference,method
interference,cancellation
measure,memoery
search,codebook
search,codebook
spatialize,source
use,accelerometry
spectrum,method
recognite,input
spectrum,method
use,dataset
use,SEMIGLOBAL
use,matching
interface,controller
multitask,system
use,biomarker
precode,method
comprise,eclalbasaponin
spectrum,method
spectrum,method
monitor,comorbiditie
use,-
prevent,upload
interference,coordination
patient,status
photoelectrode,probe
prognose,age
mesure,wave
spectrum,system
use,chatbot
device,system
device,code
interference,method
interference,parameter
detect,malware
detect,malware
suggest,modulator
schedulle,multi
schedulle,-
change,keyword
use,biomarker
conference,method
support,logon
employ,diagnostic
use,conferencing
interface,metric
facilitate,reformulation
biomonitore,method
retentate,chromatography
resolve,-
resolve,referentiality
prescribe,regiman
use,neurostimulator
determine,flightpath
use,transform
monitor,informatic
apnea,evaluation
present,datastream
use,transform
use,transform
use,transform
determe,interface
tartrate,salt
enable,portlet
nagivate,information
use,stimulii
apolipoprotein,mouse
bookmarke,message
concept,tool
pipeline,memory
reduce,disruptiveness
learn,diagnostic
use,thereto
advertisement,program
contingent,activity
use,actigraph
onboarde,platform
use,nanoligomer
use,entrainment
sensor,datum
improve,responsivity
enable,electrostimulation
uplink,method
enable,electrostimulation
curate,transcription
modify,biomechanic
decode,bitstream
fuzze,code
realize,observability
spectrum,method
waveform,method
tactile,perception
use,frequency(ie
waveform,system
interference,method
inquire,structuring
neuromonitore,system
neuromonitore,system
use,chatbot
use,neuromodulation
spectrum,method
rtm,intervention
ecommerce,fulfillment
evaluate,biomarker
recognise,keyword
cytoma,method
inputte,technology
arrhythmia,method
spectrum,method
「,intelligence
spectrum,method
intent,unit
chromaticness,awareness
brainwave,compatibility
waveform,transplanting
play,len
tactile,device
judge,deteriration
consider,equivalency
monitor,informatic
monitor,informatic
analyze,thereto
conditionable,accessory
contain,brivaracetam
conditionable,accessory
determine,regiman
hold,non
spectrum,system
spectrum,method
adjust,microstructure
spectrum,method
spectrum,method
use,therefor
induce,neuroplasticity
create,meshbot
use,vr
texture,method
alertness,method
spectrum,method
versione,support
use,oligonucleotide
preprocesse,scheme
spectrum,method
ip,apparatus
mayfly,optimization
comprise,riboside
spectrum,method
spectrum,method
spectrum,method
apnea,evaluation
eine,autonoman
deblurre,frame
denoise,rendering
generate,floorplan
use,sparsification
perform,deconvolution
interference,cancellation
denoise,image
denoise,image
use,rollout
width,selection
customizable,circuit
generate,dataset
use,ensembling
denoise,architecture
use,dataset
prefetche,weight
deepleare,method
thunderstorm,method
phishe,attack
retargete,sequence
use,filtering
denoise,network
interference,method
parenchyma,method
have,acclerator
nodule,method
perform,rotate
unsupervise,method
have,rotator
nodule,method
width,method
relighte,network
detect,keyword
unsupervise,method
spectrum,method
denoise,method
peene,method
specify,keyword
reconstruct,-
lobe,method
advertisement,method
seedle,identification
unsupervise,method
defogge,method
predict,superpixel
kurtosis,index
width,network
nodule,method
use,nanophotonic
nodule,method
demosaice,method
lobe,method
defogge,method
domain,information
waveform,analysis
perform,multiply
identify,subnetwork
multitaske,model
depthwise,convolution
nodule,method
waveform,synthesis
construct,optimizer
ensemble,technique
matrix,hardware
use,embedding
use,autoencoder
embed,analytic
obstacle,detection
ture,machine
obstacle,detection
inpainte,method
unsupervise,segmentation
vectorize,feature
bootstrappe,training
template,document
face,matching
detect,ransomware
spectrum,method
interference,method
learn,optimizer
perform,pooling
use,recognization
identify,malware
use,pseudolabel
improve,personalization
text,method
feedback,platform
gastroscope,system
utilize,sparse
use,dataset
multitaske,method
dialect,modeling
speedup,planning
use,timeout
denoise,image
preprocesse,unit
dynamic,method
parameterize,concept
prevent,drowsy
detect,abnormity
multiplexe,neuron
diagnose,neosplasm
use,autoencoder
patch,matching
train,chatbot
predict,microclimate
generate,embedding
utilize,embedding
perform,pooling
Handheld,device
ear,shape
ear,shape
use,diffing
text,method
use,shearlet
draw,keyword
regionalize,vessel
use,fiducial
denoise,method
control,dispensing
multitaske,training
multitaske,method
use,encoder
octave,spatial
determine,sparse
defogge,method
use,blockchain
apparatusand,method
entangle,autoencoder
ai,device
feedback,control
compensate,robotic
transceive,signal
use,memristor
prepare,tetrafluoride
sentinel,architecture
denoise,method
denoise,method
denoise,device
improve,unet
use,surrounding
annotate,dataset
method,vision
unordere,method
unsupervise,method
use,watermarking
facilitate,troubleshooting
use,voxelization
use,hashing
backsteppe,method
use,autoencoder
nodule,method
live,analytic
define,biomolecule
unplanne,method
solve,answering
spectrum,method
correlate,biometric
determine,biomarker
unsupervise,tacotron
deblurre,method
composite,search
nodule,method
anonymize,datum
intent,system
generate,ruleset
multiplexe,method
predict,msi
use,autoencoder
nodule,method
denoise,method
denoise,method
train,autoencoder
determine,off
preloade,application
text,method
deblurre,method
provide,serivce
use,bigdata
use,cyclegan
fuse,autoencoder
infrare,method
nodule,classification
detect,homograph
infer,biomarker
use,analytic
container,method
dishwashe,system
recognize,keyword
serverless,workflow
serverless,platform
utilize,encoder
learn,dermatopathology
gastroscope,system
support,-
manage,instructure
nodule,method
attribute,tagging
generate,analytic
use,renderer
use,labelling
extract,keyword
pixel,method
enable,personalization
uplink,information
treat,gastroparesis
clockwork,encoder
use,analytic
solve,non
solve,-
defogge,method
phishe,method
preprocesse,image
base,embedding
identify,biomolecule
discrimination,method
v2x,sensing
emulate,playstyle
detect,plugging
sparse,problem
detect,dysregulation
have,subnetwork
generate,dataset
failure,system
assist,provisioning
dialect,method
form,dataset
predict,geolocation
use,interferometry
determine,action(s
use,analytic
manane,health
grid,method
grid,learning
identify,malware
use,dataset
analyze,microbiota
deblurre,method
take,selfie
volumetric,prediction
replicate,dataset
have,failover
train,cnn
generate,dataset
selete,device
interface,apparatus
width,module
facilitate,dignosis
generate,edit
defogge,method
use,routing
control,uav
use,regularizer
nodule,method
role,taxonomy
deblurre,method
use,dataset
multitaske,segmentation
method,interaction
track,proximate
replicate,dataset
wakeup,method
preloade,method
gastroscope,system
use,embedding
use,watermarking
nodule,method
evenize,method
unsupervise,method
waveform,datum
text,method
create,dataset
detect,abnormity
reduce,triggering
constraint,relaxation
use,autoencoder
utilize,embedding
generate,analytic
use,transform
measure,multi
measure,-
integrate,encoder
biopsy,system
learn,autoencoder
database,entry
anonymize,datum
denoise,method
arrhythmia,visualization
text,method
updatte,policy
text,method
use,blockchain
valve,gateway
determine,multiplet
combine,semantic
identify,biomolecule
use,biasing
optimize,conferencing
set,odd
anonymize,information
use,decompilation
curate,image
transmode,fusion
learn,embedding
use,analytic
group,encoder
enable,aligning
endoscopy,method
interference,analysis
relate,thereto
use,blockchain
keyword,recommendation
uncontrolle,condition
detect,fraudster
reduce,coronasomnia
perform,-
detect,deepfake
generate,biomarker
perform,biometric
enable,pseudonymization
endoscope,method
interference,method
domain,learning
use,autoencoder
use,V2X
provide,bigdata
facilitate,dignosis
differentiate,-
terahertz,system
blockchain,technology
generate,-
detect,keyword
use,concatemer
use,-
omnibeare,method
domain,system
change,chatbot
portrait,method
portrait,method
grid,device
mitigate,targeting
perform,worksite
substrate,method
intent,analysis
detect,triggering
use,faceguard
denoise,image
preprocesse,system
use,chatbot
enhance,cybersecurity
use,hypergraph
perform,analytic
modularize,system
fuse,semantic
use,transform
manage,lifecycle
defogge,method
measure,smartglasse
distribute,embedding
interference,mitigation
trigger,analytic
generate,mashup
recyclie,method
electrospray,spectrometry
use,parcellation
chromosome,method
use,embedding
overload,mid
overload,-
denoise,method
preload,result
infrare,characteristic
unsupervise,pedestrian
chromosome,method
anonymize,datum
interference,phase
offerre,time
manage,economic
identify,malware
create,viewport
offline,platform
estimate,bio
estimate,-
ponde,detection
ise,device
use,dataset
treat,diabete
disincentivize,behavior
outcome,analysis
learn,electrocardio
preloade,application
use,hyperparameter
windowe,method
outcome,analysis
login,method
use,autoencoder
tune,hyperparameter
predict,drillability
use,neurome
track,abnormity
encode,-
preloade,method
distribute,caching
use,teleoperation
arrhythmia,device
learn,filtering
interference,method
wafer,method
gps,system
defogge,method
utilize,voxel
turbine,flexibility
prgramme,method
detect,off
InSAR,method
passage,technique
eine,benachrichtigungen
detect,-
wearout,monitoring
use,imager
operate,indicia
utlize,annotation
transponde,tag
tissue,analyte
strobe,assembly
read,dataform
text,conversion
consolidate,edit
employ,biometric
use,deconvolution
autocomplete,entry
algorithm,system
sine,transform
use,ambient
generate,flowsheet
interference,method
read,barcode
use,neuroagent
perform,edit
interface,apparatus
superpositione,vector
use,filtering
interference,avoidance
ai,analysis
assist,provisioning
ai,system
ai,system
ai,system
ai,system
volumetric,prediction
incentivize,participation
control,dispensing
enable,personalization
ai,system
multiple,assistant
replicate,dataset
train,chatbot
sidelink,communication
server,error
parameterize,device
reselecte,carrier
sidelink,feedback
selete,device
disambiguate,heteronym
sidelink,operation
sidelink,communication
manage,lifecycle
have,failover
replicate,dataset
replicate,dataset
map,reachability
infer,biomarker
reconfigure,route
use,blockchain
identify,modulator
obstacle,detection
process,meaid
obstacle,detection
ran)-aware,optimization
use,fiducial
customizable,plan
use,analytic
councele,content
sidelink,feedback
sidelink,communication
use,ensembling
use,surrounding
manage,incentivizing
use,analytic
endoscope,method
infrare,model
grid,parameter
token,ecosystem
inhibit,cleaving
use,analytic
ture,machine
access,gameplay
use,infographic
treat,hypervigilance
alternative,control
geolocate,device
use,blockchain
tactile,button
determine,skew
uplink,allocation
determine,skew
powertrain,control
construct,optimizer
utilize,blockchain
enable,reuse
improve,cybersecurity
unsupervise,method
uplink,method
position,sidelink
wind,inter
perform,linking
unsupervise,method
preprocesse,unit
predict,iconicity
insect,system
waveform,method
treat,synucleinopathie
femtocell,measurement
keyword,recommendation
incentivize,improvement
transmit,codebook
receive,codebook
plant,ststem
employ,subgraph
produce,oligonucleotide
query,dataset
manage,microbiome
apparatusand,method
laminate,encoder
analyze,phytotoxicity
use,inteligence
endoscopy,platform
composite,object
learn,encoder
use,transform
mangrove,method
determine,biomarker
use,biometric
event,line
event,identification
inhibit,ligase
define,biomolecule
reduce,coronasomnia
annotate,dataset
support,sidelink
microslice,network
support,sidelink
execute,aciton
quantitate,use
broadband,service
disincentivize,behavior
generate,dataset
use,microstructure
preempt,behavior(s
hybridize,labelling
seedle,identification
provide,delimiter
stitch,cybersecurity
use,microfluidic
predict,superpixel
arrhythmia,method
intent,system
width,search
realize,captcha
test,retroreflectivity
use,analytic
outbreak,modeling
assist,multi
diarise,recording
improve,effciency
use,-
transmit,-
support,sidelink
support,sidelink
use,micro
use,-
interference,detection
anonosize,datum
regulate,buckling
advertisement,method
femtocell,mechanism
ture,test
use,analytic
indication,system
use,chatbot
downhole,setting
subvolume,identification
enable,aligning
use,watermarking
plural,node
spectrum,optimization
bootstrappe,training
Handheld,device
tokenize,asset
nuance,movement
manufactrue,device
treat,pre
treat,-
treat,diabete
use,biomarker
daas,platform
diabetes,interface
feedback,interface
use,blockchain
reconfigure,network
reconfigure,network
perform,analytic
query,dataset
unsilence,gene
facilitate,provisioning
accelerate,subgraph
use,prodrug
intent,system
interference,method
receive,downlink
calculate,respiratory
waveform,information
use,respiratory
waveform,information
vehicle,occupant
outcome,analysis
generate,dataset
facilitate,dignosis
facilitate,dignosis
data,augmentation
treat,gastroparesis
authenricate,user
waveguide,device
use,multiplexing
waveguide,device
porcine,strain
promote,myelination
derive,macrocycle
use,blockchain
uplink,transmission
reduce,-
socket,configuration
drill,borehole
advertisement,medium
use,rollout
ai,device
support,sidelink
cluster,mpc
roadside,system
detect,dysregulation
use,chatbot
triage,inquiry
provide,dosing
spectrum,allocation
blockchain,technology
incorporate,biometric
grid,method
uplink,transmission
have,interconnect
uplink,acknowledgement
contain,polyetheramine
image,omic
use,biomarker
use,sparse
phthalazone,compound
emulate,playstyle
use,therefor
utilize,encoder
text,document
vectorize,feature
ture,test
delivery,worker
detect,ransomware
haptic,sequence
increase,adipocyte
utilize,oligonucleotide
transient,attack
use,analytic
mitigate,targeting
use,optimizer
display,proximate
domain,program
use,rfid
uplink,transmission
use,glycosaminoglycanase
use,robotic
platform,method
femtocell,access
femtocell,preference
-pyrazole,derivative
use,therefor
hd,layer
upmodulate,response
produce,glycan
peptide,hydrolyzate
acetohydroxyacid,herbicide
use,scripting
comprise,pneumoniae
detect,comorbiditie
use,microstructure
base,-
concentrate,analyte
facilitate,customization
multiplexe,system
fluidize,unit
multiplexe,system
calibrate,gradiometer
use,perfusate
imidazolinone,herbicide
scan,interferometry
provide,-
piperidine,derivative
treat,sudorrhea
optimize,wast
guide,reminding
facilitate,netlist
identify,micro
identify,-
stablize,solution
use,analytic
detector)-base,method
improve,reheat
use,analytic
olefin,train
manage,processs
use,dataset
overmolde,surface
determine,biomarker
humus,fertilizer
ai,system
uplink,information
perform,retransmission
intent,analysis
transceive,signal
session,scenario
remanufacture,system
use,microelectrode
biosense,device
multiplexe,system
select,bwp
gapless,communication
build,analytic
use,homography
femtocell,test
login,authentication
deplete,other
control,multiplayer
disassemble,electronic
multihoppe,network
unsupervise,language
upmixe,audio
apply,telematic
track,abnormity
infrare,method
use,analytic
uplink,method
use,analytic
simulate,machining
eltrombopag,salt
inputte,language
persona,validation
predict,successfulness
use,consume
produce,semantic
reduce,-
schedde,list
monitere,system
base,zooming
kinase,defect
use,analytic
use,-
compute,spatial
use,analytic
use,encoder
complexe,gallium
use,-
contain,dispersin
reduce,wirelength
dishwashe,composition
contain,dispersin
photoetche,method
use,analytic
genotype,method
transient,evaluation
configurate,signal
use,therefor
customizable,platform
ultrasound,method
contain,carbazole
nonjackete,connector
rtrt)-base,shading
balance,combiner
use,sidelink
support,sidelink
chemokine,receptor
ai,platform
use,analytic
apolipoprotein,e
femtocell,selection
baseline,synthesizer
use,targeting
qualitative,tool
promote,anonymization
manufacture,checking
treat,cholangiocarcinoma
hop,superframe
hypopnea,detection
use,-
provide,labeling
use,puf
drive,semantic
measure,kinetic
store,dataset
support,sidelink
insect,device
involve,protoyping
analyze,biosignature
text,conversion
contain,dispersin
soundshare,application
uplink,information
realize,splitting
affair,machine
train,therefor
use,ldm
perform,retransmission
determine,genotoxicity
sidelink,timer
sidelink,transmission
control,bioreactor
analaze,time
turbocharge,blade
distribute,commit
run,executable
blockchain,technology
fault,featurization
sidelink,communication
multi,access
control,multi
control,-
manage,telesurgery
endoscopy,method
comprise,microsphere
spectroscopy,analysis
transmit,pscch
support,sidelink
transmit,codebook
receive,codebook
interference,rejection
uplink,signal
support,sidelink
support,sidelink
grid,hypervisor
perform,onboarding
increase,reuse
interface,framework
initialise,keyframe
use,biometric
use,photocurrent
altitude,relation
facilitate,diagnostic
outcome,typing
perform,retransmission
utilize,crowdsourcing
adjuster,determination
transceive,plurality
ai,robot
renewable,source
particulate,material
insect,condition
insect,system
cps(cyber,system
operate,system)/iic
flue,gas
banknote,system
use,intellicence
stove,disinfect
cruse,robot
use,encoder
tokenize,resource
use,routing
bandwidth,system
operate,rsu
vru,location
humanoid,camera
sensor,sharing
sidelink,timer
parameterize,device
use,microbiome
use,turbidimeter
rechecke,method
create,netlist
centreless,device
perform,retransmission
support,multi
support,-
denoise,sequence
text,method
intelligentize,device
use,synchrocyclotron
interference,mitigation
reselecte,network
manpower,system
sidelink,transmission
express,luciferase
spectrum,communication
gps,system
dishwashe,composition
multiplexe,apparatus
peptide,analog
transverse,hierarchy
resourse,allocation
subtype,individual
base,-
spectrum,control
guide,robotic
use,codec
use,transform
message,metamodel
kinase,inhibitor
utlize,annotation
multiplexe,ram
multiprocesse,control
provide,decoupling
identify,biomolecule
lottery,terminal
mean,therefor
write,therefor
imidazole,carboxamide
substitute,modulator
warewashe,composition
teleconference,plurality
againt,chain
peptide,method
incorporate,triphosphate
seal,microstructure
produce,microstructure
preprocesse,method
sunscreen,compound
automate,satisfiability
dishwashe,composition
present,datastream
assist,personalization
steerable,method
markup,file
determine,facie
defect,labeling
domain,program
polynucleic,acid
detect,prrsv
contain,interpolymer
prepare,speciman
waveform,factor
constraint,mechanism
aerosol,spectrometer
minimize,carryover
use,transform
vulcanize,process
form,interconnect
wavelength,circuit
anvaendne,adsorbenter
eller,vid
swinge,load
interference,circuit
dishwashe,composition
provide,scripting
vignette,datum
dishwashe,composition
use,thereto
use,microarray
interface,apparatus
use,calibrator
identify,-
release,braking
waveform,information
chemokine,domain
width,mold
comprise,csf
utilize,addressing
cewllulose,composition
use,celite
insect,protein
assess,biofilm
insect,toxin
stope,method
multiplexe,datum
use,heatmap
reconfigure,architecture
use,blockchain
detect,accidient
stack,encoder
produce,endpiece
determine,orthesis
sidelink,timer
enable,provisioning
incentivize,activity
antibody,solution
automate,interfacing
use,analytic
predicite,output
snapshotte,cluster
augment,dataset
immunostaine,image
ai,network
prefabricate,plate
dispense,drench
ai,application
transmit,ack
detect,change(s
analyze,keyword
tactile,method
tactile,system
deinke,composition
discover,pharmacophore
have,processability
synthesize,cdna
modulate,coactivator
sequence,oligonucleotide
use,monolayer
eine,langstatorlinearmotor
서버,이용
mit,gestaffeltem
und,einer
durchführung,verfahren
단백질,이의
기기의,포함하는
단말장치,이의
수행하는,동작
und,system
und,artikeln
inserite,metodo
inserite,produzione
forme,carbonique
use,autoencoder
dataflow,reduce
feedback,context
feedback,analysis
intent,analysis
shortcut,suggestion
selete,device
provide,personalization
distribute,embedding
execute,aciton
guide,analytic
shortcut,interface
utilize,pre
utilize,-
use,blockchain
use,embedding
unsupervise,method
interestingness,recommendation
train,chatbot
cascade,edit
extract,keyword
use,blockchain
workflow,system
determine,action(s
depthwise,convolution
advertisement,method
use,toolset
provide,login
use,passcode
learn,routing
use,matching
utilize,embedding
healthcare,datum
text,method
deepleare,method
identify,abnormity
generate,chatbot
domain,system
pretraine,method
preserve,semantic
employ,subgraph
construct,optimizer
use,matching
robot,action
inputte,parameter
suggest,frame(s
text,method
provide,bigdata
ai,system
use,embedding
curate,image
use,timeout
intent,system
leverage,analytic
interface,device
expand,hashtag
train,chatbot
accelerate,oreration
workflow,system
matrix,hardware
use,chatbot
unsupervise,method
assist,provisioning
triage,inquiry
inputte,text
text,method
text,method
relationship,entry
inputte,text
text,document
recommande,message
improve,personalization
accelerate,subgraph
inputte,text
triage,bot
incentivize,improvement
endoscopy,method
text,method
method,medium
reconfigure,route
offerre,time
provide,serivce
use,bigdata
use,analytic
invoke,chatbot
manage,whitelist
define,biomolecule
unsupervise,segmentation
use,embedding
enable,analytic
use,analytic
text,method
intent,analysis
use,blockchain
have,failover
text,method
text,method
workspace,save
keyword,recommendation
reselecte,carrier
uplink,information
replicate,dataset
replicate,dataset
use,ensembling
detect,ransomware
optimize,conferencing
venue,framework
replicate,dataset
councele,content
identify,touchpoint
use,filtering
microblogge,post
anonymize,datum
use,dataset
deblurre,method
pixel,method
recognize,keyword
utilize,embedding
facilitate,dignosis
extract,keyword
generate,mashup
generate,mashup
anonymize,record
layout,screen
inpainte,method
outcome,analysis
preloade,method
outcome,analysis
kurtosis,index
satisfy,sparse
diagnose,dysbiosis
extract,keyword
nodule,method
populate,knowledgebase
use,dataset
use,blockchain
measure,univocality
use,embedding
use,analytic
assist,troubleshooting
provide,hrtf
utilize,semantic
text,message
use,therefor
display,keyword
associate,keyword
text,analysis
increase,personalization
login,selection
manage,accessiblity
cause,bytecode
use,analytic
inputte,text
preload,result
blockchain,technology
aptitude,prediction
access,blockchain
have,spacer
have,spacer
waveguide,multiplexer
indication,system
sensor,failure
inputte,image
use,downmixer
create,viewport
preempt,behavior(s
disincentivize,behavior
retargete,system
ensure,monotonicity
use,biomarker
use,biomarker
use,biomarker
illuminate,modulator
connect,blockchain
use,keyword
subtype,disorder
multiple,assistant
process,multi
process,-
use,troponin
tokenize,asset
inputte,wavelength
prevent,drowsy
use,blockchain
crowdsource,testing
enable,fail
rainstorm,analysis
unplanne,method
use,electroporation
solve,answering
server,error
waveguide,field
waveguide,field
use,hypergraph
recompose,system
use,hypergraph
use,faceguard
feedback,platform
implement,upload
stimulu,information
diarise,recording
use,semantic
facilitate,provisioning
waveform,analysis
tactile,feedback
utilize,blockchain
use,illuminator
use,labeling
diarize,transcript
coordinate,hemodynamic
transmtite,signal
use,biomarker
cochlear,stimulation
ai,method
encapsulate,electronic
incentivize,participation
implement,cybersecurity
biomarker,algorithm
have,subflow
erasure,method
composite,scene
ai,system
render,therefor
facilitate,locate
communiicate,patient
inputte,image
provide,recycler
autogenerate,video
use,analytic
authenticate,electronic
use,parcellation
learn,autoencoder
use,blockchain
use,irradiator
contain,homopolymer
enable,refactoring
use,sparse
manage,instructure
generate,-
use,splitscene
live,analytic
enable,pseudonymization
skincare,device
unsupervise,tacotron
ai,system
have,electronic
tactile,feedback
uplink,allocation
use,blockchain
ai,system
incentivize,feedback
drive,blockchain
preprocesse,method
use,decompilation
use,thereto
monitor,cavitation
use,blockchain
baseline,profile
use,splitting
use,filtering
enhance,cybersecurity
use,nanocarrier
generate,edit
provide,fastlane
use,blockchain
clockwork,encoder
watermarke,software
use,blockchain
perform,rotate
use,blockchain
monitor,vasculature
use,barcode
render,therefor
reconstruct,-
uplink,packet
scale,-
show,reusability
use,blockchain
use,blockchain
drive,newsfeed
papermake,composition
facilitate,provisioning
use,blockchain
nanoemulsion,substance
infrare,image
infrare,image
reprojecte,video
rearview,device
rearview,simulation
use,analytic
mapreduce,implementation
proxye,application
use,filtering
perform,analytic
anonosize,datum
use,logon
emulate,playstyle
waveform,analysis
use,blockchain
treat,diabete
use,blockchain
contain,nanofiber
perform,analytic
implement,sidechain
gesture,pre
manage,lifecycle
produce,nanocellulose
have,microservice
parametric,database
parametric,database
comprise,nanostructure
device,method
model,wellbore
enhance,autophagy
endoscope,method
flow,windowing
operationalize,compliance
kif18a,inhibitor
treat,cholangiocarcinoma
resupplye,consumable
predict,metabolic
implement,fsm
reconfigure,software
trigger,analytic
interference,inhibition
estimate,microdamage
process,-
utilize,-
use,deduplication
manage,incentivizing
utilize,encoder
chromosome,method
enhance,-
domain,projection
anonosize,datum
chimeric,therapy
target,mrna
scale,blockchain
use,failover
reconfigurable,propeller
use,backscatter
investigation,timeline
improve,cybersecurity
novel,receptor
incentivize,advertising
replace,referencing
facilitate,analytic
replace,referencing
manage,worksite
use,analytic
use,blockchain
eicosapentaenoic,microorganism
connectionless,transport
waveform,transmission
deposit,passivation
insect,system
blockchain,system
interference,method
align,deduplication
comprise,microbiome
sidelink,communication
use,middleware
uplink,transmission
rewinde,execution
produce,nanocellulose
relate,thereto
serverless,workflow
serverless,platform
use,infographic
instantiate,plugin
improve,pharmacokinetic
relate,thereto
analyze,microbiota
use,photoplethysmography
anonymize,event
inputte,datum
use,metabolomic
rtrt)-base,shading
use,analytic
recognize,semantic
relationship,entry
use,analytic
text,method
width,detection
extract,ralation
dishwashe,method
operate,clothe
text,feature
prepare,monofluoromethane
tokenize,session
text,method
width,forest
inputte,text
parameterize,system
process,micro
process,-
interference,type
analytic,model
queriable,repository
use,barcode
comprise,polyamine
transmtite,signal
use,telematic
comprise,polyamine
model,wellbore
application,object
grid,event
bioprocesse,device
use,trocar
use,edit
unset,optimization
treat,follistatin
support,micropayment
advertisement,sharing
enable,interactivity
assist,matching
target,deliver
inference,interest
use,networking
waveform,inversion
swinge,motion
escrow,datum
promote,anonymization
determine,malware
detect,anomalousness
reactivate,acetylcholinesterase
use,blockchain
constraint,extraction
operationalize,walkability
multi,article
use,fida
use,multiplexing
route,base-
gesture,pre
promote,myelination
grant,acce
comprise,microheater
disulphide,conjugate
sythesize,waveform
text,system
use,inline
encode,polynucleotide
gluten,a5
consume,connexon
withut,permission
overlap,subnet
provide,filtering
comprise,multipopulation
treat,proteinosis
ligand,β
use,thereto
optimize,deduplication
domain,mutant
use,biomarker
commoditize,transfer
simulate,machining
use,reparameterization
recognize,a3
sheddase,cleavage
use,keyword
dc,load
facilitate,diagnostic
airspace,risk
polyglutamate,lometrexol
polyglutamate,pemetrexed
facillitate,measurement
base,-
indentifye,classification
enable,interactivity
cochlear,system
execute,providing
container,system
enable,provisioning
use,therefor
enhance,routing
acyl,sulfonamide
aliase,datum
emulate,microcontroller
reproduce,bitstream
implement,databus
perform,secure
inputte,character
inputte,character
waveform,apparatus
waveform,method
use,transglutaminase
porcine,cell
derive,wordshape
handheld,device
dialect,integrator
interface,program
push,filtering
absorbent,fiber
deliver,xml
silicate,compound
macromolecule,method
die,therefor
fcrn)-binde,variant
use,correlogram
use,microarray
provide,tiering
prewafer,staging
이동단말기,제어방법
빅데이터,시스템
und,objekts
